taxid	scientific_name	kegg
1001585	Pseudomonas mendocina NK-01	pmk
10020	Dipodomys ordii	dord
1002672	Candidatus Pelagibacter sp. IMCC9063	pel
1002809	Solibacillus silvestris StLB046	siv
10029	Cricetulus griseus	cge
10036	Mesocricetus auratus	maua
10047	Meriones unguiculatus	mun
1005962	Ogataea parapolymorpha	opa
1006576	Defluviitoga tunisiensis	dtn
1007105	Pusillimonas sp. T7-7	put
1008459	Taylorella asinigenitalis MCE3	tas
10089	Mus caroli	mcal
10090	Mus musculus	mmu
100901	Wolbachia endosymbiont of Onchocerca ochengi	woo
10093	Mus pahari	mpah
1010	Sphingobacterium mizutaii	smiz
101028	Fusarium pseudograminearum	fpu
10116	Rattus norvegicus	rno
101162	Bipolaris oryzae	bor
10141	Cavia porcellus	cpoc
101571	Burkholderia ubonensis	bub
10181	Heterocephalus glaber	hgl
101852	Glarea lozoyensis	glz
102107	Prunus mume	pmum
10224	Saccoglossus kowalevskii	sko
10228	Trichoplax adhaerens	tad
102684	Streptococcus infantarius	sif
1026970	Nannospalax galili	ngi
1028416	Psychrobacter sp. DAB_AL43B	psyc
1028989	Pseudomonas sp. StFLB209	pses
1029718	Candidatus Arthromitus sp. SFB-mouse-Japan	asf
1030157	Sphingomonas sp. KC8	spkc
1031711	Ralstonia solanacearum Po82	rsn
103372	Acromyrmex echinatior	aec
1033991	Rhizobium leguminosarum bv. trifolii CB782	rlu
1034809	Staphylococcus lugdunensis N920143	sln
103690	Nostoc sp. PCC 7120	ana
103695	Pogona vitticeps	pvt
103733	Saccharothrix syringae	ssyi
1037409	Bradyrhizobium japonicum USDA 6	bju
103855	Bordetella hinzii	bhz
1038856	Planococcus plakortidis	ppla
104087	Pseudomonas frederiksbergensis	pfk
104102	Acetobacter tropicalis	ato
1041504	Candidatus Arthromitus sp. SFB-rat-Yit	asb
1042156	Clostridium sp. SY8519	cls
104268	Tenacibaculum mesophilum	tmp
1042876	Pseudomonas putida S16	ppt
1042877	Thermococcus sp. 4557	the
104336	Microbacterium foliorum	mfol
104355	Gloeophyllum trabeum	gtr
104421	Camponotus floridanus	cfo
104623	Serratia sp. ATCC 39006	sera
104628	Helicobacter suis	hsh
1046629	Streptococcus salivarius 57.I	stf
104663	Chitinophaga filiformis	cfil
1047171	Zymoseptoria tritici	ztr
1048260	Leptospirillum ferriphilum ML-04	lfi
1048834	Alicyclobacillus acidocaldarius subsp. acidocaldarius Tc-4-1	aad
1050174	Corynebacterium epidermidicanis	cei
105023	Nothobranchius furzeri	nfu
1051072	Streptococcus equi subsp. zooepidemicus ATCC 35246	sezo
1051613	Verticillium alfalfae	val
1051632	Sulfobacillus acidophilus TPY	say
1051973	Rhodococcus fascians D188	rfa
105219	Ralstonia mannitolilytica	rmn
1052585	Bacillus subtilis subsp. spizizenii TU-B-10	bst
1052684	Paenibacillus polymyxa M1	ppo
1053648	Candidatus Tremblaya princeps PCVAL	tpq
1054217	Thermoplasmatales archaeon BRNA1	tar
105785	Cryptotermes secundus	csec
1058	Thiocapsa roseopersicina	1058
106582	Maylandia zebra	Maylandia
106634	Thioalkalivibrio versutus	tvr
106648	Acinetobacter bereziniae	aber
106649	Acinetobacter guillouiae	agu
106654	Acinetobacter nosocomialis	ano
106734	Chelonoidis abingdonii	cabi
1070130	Candidatus Gullanella endobia	ged
1071379	Tetrapisispora blattae	tbl
1072256	Corynebacterium uterequi	cut
1073996	Halohasta litchfieldiae	hae
107637	Methylomonas sp. LW13	metl
1076550	Pantoea rwandensis	kln
1076588	Thiolapillus brandeum	tbn
1076596	Acetobacter persici	aper
1079	Blastochloris viridis	bvr
1080068	Leptolyngbya sp. O-77	let
1082704	Lonsdalea britannica	lbq
1089444	Dickeya solani	dso
108980	Acinetobacter ursingii	aug
108981	Acinetobacter schindleri	asj
109232	Rickettsia monacensis	rmc
109280	Hippocampus comes	hcq
1094342	Alcanivorax xenomutans	axe
109461	Varroa destructor	vde
109478	Myotis brandtii	myb
1096995	Acinetobacter baumannii BJAB07104	abj
1097668	Burkholderia sp. YI23	byi
109790	Lactobacillus jensenii	lje
110505	Mycobacterium heckeshornense	mhek
110662	Synechococcus sp. CC9605	syd
1108595	Chromobacterium vaccinii	cvc
1108849	Penicillium rubens	pcs
1109412	Brenneria goodwinii	bgj
111015	Actinomyces radicidentis	ard
1111069	Thermus sp. CCB_US3_UF1	thc
1114965	Streptococcus parasanguinis FW213	scf
1116375	Vibrio sp. EJY3	vej
1116391	Paenibacillus mucilaginosus 3016	pmq
111781	Leptolyngbya sp. PCC 7376	lep
1117943	Sinorhizobium fredii HH103	sfh
1118153	Halomonas sp. GFAJ-1	hag
1118202	Cruoricaptor ignavus	civ
1118379	Mycolicibacter minnesotensis	mmin
112234	Chryseobacterium joostei	cjt
1123519	Pseudomonas stutzeri DSM 10701	psj
1124983	Pseudomonas protegens CHA0	pprc
1125630	Klebsiella pneumoniae subsp. pneumoniae HS11286	kpm
1126833	Paenibacillus beijingensis	pbj
1131462	Dehalobacter sp. CF	dec
1133850	Streptomyces hygroscopicus subsp. jinggangensis 5008	shy
1134435	Thauera humireducens	thu
113540	Scleropages formosus	sfm
113608	Tetrapisispora phaffii	tpf
113653	Geoglobus ahangari	gah
1136941	Gordonia phthalatica	goq
1138189	Rhizobium bangladeshense	rban
1141221	Chryseobacterium taihuense	ctai
114155	Dichomitus squalens	dsq
114398	Parasteatoda tepidariorum	ptep
1144672	Acinetobacter sp. CIP 56.2	1144672
1144748	Kangiella sediminilitoris	ksd
1145276	Lysinibacillus varians	lgy
114615	Bradyrhizobium sp. ORS 278	bra
114686	Streptomyces phaeoluteigriseus	sphw
1147	Synechocystis sp. PCC 6714	syj
1148	Synechocystis sp. PCC 6803	syn
1150389	Flavobacteriaceae bacterium UJ101	fbu
1151116	Rahnella aquatilis HX2	raa
115561	Halomonas hydrothermalis	hhh
1155777	Bacillus velezensis YAU B9601-Y2	bya
1157948	Thermotoga sp. 2812B	thq
1160721	Ruminococcus bicirculans	rus
1160784	Candidatus Nasuia deltocephalinicola	ndl
1163745	Helicobacter cetorum MIT 99-5656	hcm
1166130	Enterobacter sp. R4-368	enr
1168034	Draconibacterium orientale	dori
116960	Ursus arctos horribilis	uah
1170562	Calothrix sp. PCC 6303	calt
117187	Fusarium verticillioides	fvr
1172562	Helicobacter cinaedi PAGU611	hcp
1172565	Lonsdalea populi	lpop
1173025	Geitlerinema sp. PCC 7407	gei
1173026	Gloeocapsa sp. PCC 7428	glp
1173263	Synechococcus sp. PCC 7502	synp
1176198	Streptomyces harbinensis	shar
1176587	Niabella ginsenosidivorans	nia
1178515	Paenibacillus swuensis	pswu
1178516	Spirosoma montaniterrae	smon
1178537	Bacillus xiamenensis	bxi
118062	Methanobacterium congolense	mcub
118126	Methanoculleus chikugoensis	mchk
118163	Pleurocapsa sp. PCC 7327	plp
1182568	Deinococcus puniceus	dpu
1183377	Pyrococcus sp. ST04	pys
1185652	Sinorhizobium fredii USDA 257	sfd
1186051	Blattabacterium sp. (Blaberus giganteus)	bbg
118797	Lipotes vexillifer	lve
1188319	Ferriphaselus amnicola	fam
1190415	Pseudomonas asturiensis	past
1191459	Flammeovirga sp. MY04	flm
119206	Aerococcus sanguinicola	asan
1193729	Candidatus Endolissoclinum faulkneri L2	thal
1196083	Snodgrassella alvi	salv
1196095	Gilliamella apicola	gap
1197717	Cloacibacillus porcorum	cpor
1197719	Salmonella bongori N268-08	sbz
1198676	Streptococcus mutans GS-5	smut
1201292	Enterococcus faecalis ATCC 29212	efq
1201294	Methanoculleus bourgensis MS2	mbg
1206109	Candidatus Portiera aleyrodidarum BT-B-HRs	ple
1207075	Pseudomonas sp. UW4	ppuu
1208324	Celeribacter indicus	cid
1208918	Candidatus Kinetoplastibacterium crithidii TCC036E	kct
1208923	Candidatus Kinetoplastibacterium blastocrithidii (ex Strigomonas culicis)	kbl
1209989	Tepidanaerobacter acetatoxydans Re1	tep
1211579	Pseudomonas putida NBRC 14164	ppun
121224	Pediculus humanus corporis	phu
121225	Pediculus humanus	phu
121290	Hyphomicrobium sulfonivorans	121290
121292	Pseudarthrobacter sulfonivorans	psul
1215089	Planococcus halocryophilus	phc
1216976	Achromobacter xylosoxidans NBRC 15126 = ATCC 27061	axn
121719	Pannonibacter phragmitetus	pphr
121759	Paracoccidioides brasiliensis	pbn
1217692	Acinetobacter sp. NIPH 298	1217692
1217694	Acinetobacter sp. CIP 64.2	1217694
1217698	Acinetobacter sp. NIPH 3623	1217698
1217703	Acinetobacter sp. ANC 4105	1217703
1217708	Acinetobacter sp. NIPH 2100	1217708
1217712	Acinetobacter sp. NIPH 758	1217712
121845	Diaphorina citri	dci
1218493	Lactobacillus kullabergensis	lkl
1221500	Fictibacillus phosphorivorans	fpn
122355	Pseudomonas psychrophila	ppsh
1223566	Bradyrhizobium sp. CCGE-LA001	brc
1224746	Gluconobacter oxydans H24	goh
1225179	Bartonella quintana RM-11	bqr
122586	Neisseria meningitidis MC58	nme
1226968	Azospirillum humicireducens	ahu
1227555	Pyrobaculum sp. WP30	pyw
1229727	Salipiger profundus	tpro
1229756	Leuconostoc gelidum JB7	lge
1231626	Cardinium endosymbiont cEper1 of Encarsia pergandiella	che
1235591	Pseudorhodoplanes sinuspersici	psin
1236179	Janthinobacterium sp. B9-8	jab
1236608	Moraxella catarrhalis BBH18	mct
1236908	Wolbachia endosymbiont of Drosophila simulans wNo	wed
1238	Piscirickettsia salmonis	psal
123899	Bordetella trematum	btrm
1244528	Campylobacter fetus subsp. testudinum 03-427	camp
1245	Leuconostoc mesenteroides	lme
1245910	Borreliella chilensis	bchi
1246	Leuconostoc lactis	llf
1247649	Bordetella holmesii ATCC 51541	bho
1249101	Mycolicibacterium celeriflavum	mcee
1249480	Candidatus Sulfuricurvum sp. RIFRC-1	sulr
1249552	Pseudohongiella spirulinae	pspi
1254	Pediococcus acidilactici	Pediococcus
1254432	Sorangium cellulosum So0157-2	scu
1257021	Flammeovirgaceae bacterium 311	fbt
1262449	Clostridium pasteurianum DSM 525 = ATCC 6013	cpat
1263831	Bibersteinia trehalosi USDA-ARS-USMARC-189	btrh
1265350	Buchnera aphidicola (Aphis glycines)	baph
1267021	Frischella perrara	fpp
1272	Kocuria varians	kvr
1273541	Pyrodictium delaneyi	pdl
1274	Dermacoccus nishinomiyaensis	dni
1274631	Bradyrhizobium icense	bic
127582	Trichechus manatus latirostris	tmu
1280	Staphylococcus aureus	sau
1280380	Synechococcus sp. KORDI-100	synk
1281	Staphylococcus carnosus	sca
1283	Staphylococcus haemolyticus	sha
128390	Nipponia nippon	nni
1284	Staphylococcus hyicus	shu
1286	Staphylococcus simulans	ssif
1286170	Raoultella ornithinolytica B6	ror
128780	Stenotrophomonas acidaminiphila	sacz
128785	Pseudoxanthomonas mexicana	pmex
1288	Staphylococcus xylosus	sxy
1288970	Magnetospira sp. QH-2	magq
128944	Aerococcus urinaehominis	auh
129140	Pseudomonas syringae pv. tagetis	psyi
1292033	Mycoplasma putrefaciens Mput9231	mput
1293036	Metallosphaera hakonensis JCM 8857 = DSM 7519	mhk
129338	Geobacillus subterraneus	gsr
1295	Staphylococcus schleiferi	ssch
1295009	Candidatus Methanomassiliicoccus intestinalis Issoire-Mx1	mer
12957	Atta cephalotes	acep
1296536	Enterobacter hormaechei subsp. xiangfangensis	eclx
1297582	Candidatus Portiera aleyrodidarum TV	pld
1297617	Intestinimonas butyriciproducens	ibu
1298593	Thalassolituus oleivorans MIL-1	tol
130081	Galdieria sulphuraria	gsl
1300914	Mucilaginibacter sp. PAMC 26640	mup
1301915	Methanocaldococcus bathoardescens	mjh
1302659	Planococcus versutus	pll
1302858	Borrelia miyamotoi LB-2001	bmo
1303	Streptococcus oralis	sor
13037	Danaus plexippus	dpl
1304	Streptococcus salivarius	ssr
1306519	Flavobacterium commune	fcm
1307763	Kiritimatiella glycovorans	vbl
1307839	Salinivirga cyanobacteriivorans	blq
1314	Streptococcus pyogenes	spy
1315974	Sphingobium sp. TKS	spht
1316444	Blattabacterium sp. (Nauphoeta cinerea)	blu
1316932	Mannheimia haemolytica M42548	mhx
1318743	Bartonella ancashensis	banc
132113	Bombus impatiens	bim
1324350	Acinetobacter equi	aei
1324352	Chryseobacterium gallinarum	cgn
13249	Rhodnius prolixus	13249
1325564	Nitrospira japonica	nja
1326	Streptococcus acidominimus	saco
132908	Pteropus vampyrus	pvp
1330330	Kosmotoga pacifica	kpf
1331671	Pseudomonas putida H8234	pput
1332080	Sphingobium baderi	sbd
1332188	Candidatus Saccharimonas aalborgensis	saal
1332264	Tessaracoccus aquimaris	tes
13333	Amborella trichopoda	atr
1333523	Salinarchaeum sp. Harcht-Bsk1	sali
1333845	Paenibacillus sophorae	psop
1335	Streptococcus equinus	seqi
1336794	Formosa sp. Hel1_33_131	for
1336795	Formosa sp. Hel3_A1_48	foh
1337936	Calothrix sp. 336/3	calh
1338	Streptococcus intermedius	sie
1338011	Elizabethkingia anophelis NUHP1	eao
1340425	Geobacter anodireducens	gao
134533	Acinetobacter parvus	134533
134534	Acinetobacter gyllenbergii	agyl
134537	Paraburkholderia fungorum	bfn
1346	Streptococcus iniae	sik
134676	Actinoplanes sp. SE50/110	ase
1348584	Cellulophaga baltica 18	cbat
1348774	Croceicoccus naphthovorans	cna
1349819	Aureimonas sp. AU20	aua
1352	Enterococcus faecium	efc
1353	Enterococcus gallinarum	ega
1353260	Candidatus Nitrosocosmicus oleophilus	taa
1354	Enterococcus hirae	ehr
1355015	Streptomyces pluripotens	splu
1356852	Hymenobacter sp. APR13	hym
1357279	Pseudomonas syringae CC1557	psyr
1357915	Arthrobacter sp. QXT-31	arq
1357916	Sphingopyxis sp. QXT-31	sphq
136037	Zootermopsis nevadensis	zne
13616	Monodelphis domestica	mdo
1364	Lactococcus piscium	lpk
1366050	Ralstonia pickettii DTP0602	rpj
1367491	Campylobacter coli 76339	ccol
13684	Parastagonospora nodorum	pno
136857	Corynebacterium testudinoris	cted
13686	Solenopsis invicta	soc
13689	Sphingomonas paucimobilis	spau
13690	Sphingobium yanoikuyae	sya
1371	Marinococcus halophilus	1371
13735	Pelodiscus sinensis	pss
1374	Planococcus kocurii	pku
137591	Weissella cibaria	wcb
1377	Aerococcus viridans	avs
137722	Azospirillum sp. B510	azl
137838	Clostridium neonatale	cnn
1379	Gemella haemolysans	gha
1379159	Dyella jiangningensis	dji
1379702	Methanobacterium sp. MB1	meth
1379870	Spirosoma radiotolerans	srd
1379903	Roseivivax marinus	rmh
1379909	Rufibacter sp. DG15C	rud
138074	Serratia symbiotica	ssz
138119	Desulfitobacterium hafniense Y51	dsy
1384459	Methyloceanibacter caenitepidi	mcg
1385663	Hymenobacter sp. DG25A	hye
1385664	Hymenobacter sp. DG25B	hyd
1387353	Paludisphaera borealis	pbor
1388752	Campylobacter subantarcticus LMG 24377	csf
1389489	Leifsonia xyli subsp. cynodontis DSM 46306	lxy
1390395	Sphingomonas sp. LK11	splk
1391653	Vulgatibacter incomptus	vin
1391654	Labilithrix luteola	llu
1394711	Candidatus Saccharibacteria bacterium RAAC3_TM7_1	sbe
1396	Bacillus cereus	Bacillus
1396826	Leisingera aquaemixtae	laqu
1397108	Celeribacter marinus	cmar
1398	Bacillus coagulans	bag
1399115	Exiguobacterium sp. MH3	exm
140	Borrelia hermsii	bhr
1400053	Bacteroidales bacterium CF	bacc
1401	Paenibacillus lautus	plw
1401328	Candidatus Endolissoclinum faulkneri L5	efk
1405	Bacillus mycoides	bwe
1406	Paenibacillus polymyxa	ppy
1407071	Acinetobacter sp. TGL-Y2	acv
1407499	Halobacterium hubeiense	hhb
1408281	Endomicrobium proavitum	epo
1410383	Candidatus Tachikawaea gelatinosa	sbw
1410606	Candidatus Nitrosopelagicus brevis	nbv
1411621	Hymenobacter sedentarius	hyg
1415630	Pseudomonas sp. TKP	psk
1415657	Candidatus Walczuchella monophlebidarum	elv
1416753	Ensifer adhaerens OV14	ead
1419814	Streptococcus sp. VT 162	stv
1420916	Marinobacter similis	msx
1420917	Marinobacter salarius	msr
1421	Lysinibacillus sphaericus	lsp
1423144	Phaeobacter gallaeciensis DSM 26640	pgd
1424294	Geosporobacter ferrireducens	gfe
1426	Parageobacillus thermoglucosidasius	gth
1430440	Magnetospirillum gryphiswaldense MSR-1 v2	mgy
1433287	Mannheimia varigena USDA-ARS-USMARC-1296	mvi
1434100	Methanosarcina sp. MTP4	metm
1434103	Methanosarcina sp. WWM596	meq
1434107	Methanosarcina barkeri 3	mbak
1434108	Methanosarcina barkeri MS	mby
1434118	Methanosarcina siciliae C2J	msj
1435356	Rhodococcus pyridinivorans SB3094	rpy
1435377	Sulfolobus acidocaldarius SUSAZ	sacs
143948	Diuraphis noxia	dnx
1440763	Luteibacter rhizovicinus DSM 16549	lrz
1442136	Ectothiorhodospira sp. BSL-9	ebs
1443113	Yersinia enterocolitica LC20	yel
1447716	Bifidobacterium kashiwanohense PV20-2	bka
1448139	Aeromonas hydrophila YL17	ahd
1449088	Bacillus velezensis TrigoCor1448	bamt
1450761	Aneurinibacillus sp. XH2	anx
1452	Bacillus atrophaeus	bae
145261	Methanothermobacter wolfeii	mwo
1453352	Sediminicola sp. YIK13	syi
145388	Monoraphidium neglectum	mng
145458	Rathayibacter toxicus	rtx
1455	Bacillus badius	bbad
1457250	Halapricum salinum	hsn
1458307	Octadecabacter temperatus	otm
1458425	Serpentinomonas raichei	cbaa
1458426	Serpentinomonas mccroryi	cbab
1459	Sporosarcina globispora	1459
146017	Mycolicibacterium boenickei	mbok
1462747	Thermosipho sp. 1063	thp
1462996	Paenibacillus yonginensis	pyg
146827	Corynebacterium simulans	csp
146922	Streptomyces griseofuscus	sgf
146923	Streptomyces parvulus	spav
1469502	Burkholderiales bacterium GJ-E10	bbag
1470200	Neisseria arctica	naw
1470434	Zhongshania aliphaticivorans	zal
1471761	Novibacillus thermophilus	ntr
1472767	Lentibacillus amyloliquefaciens	lao
1476	Sporosarcina psychrophila	spsy
147645	Paracoccus yeei	pye
1479	Bacillus smithii	bsm
1482	Virgibacillus halodenitrificans	vhl
1484118	Hymenobacter sp. PAMC 26628	hyz
1484157	Pantoea sp. PSNIH2	panp
1484158	Pantoea sp. PSNIH1	pant
1484693	Rhodoferax saidenbachensis	rsb
1486034	Lacinutrix venerupis	lvn
1486262	Martelella endophytica	mey
1487956	Corynebacterium sp. ATCC 6931	coa
1490	Paraclostridium bifermentans	pbif
1490052	Anoxybacillus sp. B2M1	anm
1492	Clostridium butyricum	cbut
1492898	Flavisolibacter tropicus	fla
1494	Clostridium cochlearium	ccoh
1494608	Arthrobacter sp. PAMC 25486	arm
1495769	Candidatus Evansia muelleri	eme
1497	Clostridium formicaceticum	cfm
1500960	Campylobacter sp. RM16704	camr
1501268	Prochlorococcus sp. MIT 0604	prc
1501269	Prochlorococcus sp. MIT 0801	prm
1503054	Burkholderia stagnalis	bstg
1504	Clostridium septicum	csep
1504981	Halomonas sp. KO116	hak
1505	Paeniclostridium sordellii	psor
1505596	Blochmannia endosymbiont of Polyrhachis (Hedomyrma) turneri	bed
1505597	Blochmannia endosymbiont of Camponotus (Colobopsis) obliquus	ben
1505757	Siccibacter colletis	scol
1505907	Thermococcus eurythermalis	teu
1508404	Jeotgalibacillus malaysiensis	jeo
1508644	Candidatus Arthromitus sp. SFB-mouse-NL	aso
1512	[Clostridium] symbiosum	1512
1513468	Rouxiella chamberiensis	rcb
1514105	Erysipelothrix larvae	erl
1515612	Sphingopyxis fribergensis	sphk
151771	Dendronephthya gigantea	dgt
1518534	Anopheles coluzzii	acoz
1519	Clostridium tyrobutyricum	ctyk
1519377	Geobacillus sp. LC300	gel
1520	Clostridium beijerinckii	cbe
152297	Pseudoalteromonas issachenkonii	pia
152331	Lactobacillus parabuchneri	lpar
1526571	Lacimicrobium alkaliphilum	lal
1526658	Bosea vaviloviae	bvv
1526927	Planococcus sp. PAMC 21323	pln
1528	Eubacterium barkeri	1528
1528098	Rickettsiales bacterium Ac37b	rbt
1528099	Lawsonella clevelandensis	cbq
1529	Clostridium cadaveris	ccaa
1529069	Polaribacter sp. BM10	pola
1529436	Anneissia japonica	ajc
1532555	Brevundimonas sp. DS20	brd
153496	Kozakia baliensis	kba
1536769	Paenibacillus sp. FSL P4-0081	paen
1536770	Paenibacillus sp. FSL R5-0345	paef
1536772	Paenibacillus sp. FSL R7-0273	paea
1536773	Paenibacillus sp. FSL R7-0331	paee
1536774	Paenibacillus sp. FSL H7-0357	paeh
1536775	Paenibacillus sp. FSL H7-0737	paej
15368	Brachypodium distachyon	bdi
1538553	Methylomonas denitrificans	mdn
1538644	Sphingobacterium sp. ML3W	sht
1539298	Treponema sp. OMZ 838	trm
153948	Nitrosomonas sp. AL212	nit
154046	Hungatella hathewayi	hhj
1542390	Francisella frigiditurris	frc
1543721	Sedimenticola thiotaurini	seds
1545044	Paracoccus sanguinis	psan
1545702	Lactobacillus sp. wkB8	law
1545728	Mycobacterium sp. EPa45	mye
1547283	Bacillus weihaiensis	bwh
1547445	Francisella sp. FSC1006	frf
1547922	Ideonella sakaiensis	1547922
1548	Clostridium scatologenes	csq
1548547	Woeseia oceani	woc
154981	Aliiroseovarius crassostreae	acro
1549855	Haematospirillum jordaniae	hjo
1549858	Sphingomonas taxi	stax
155085	Staphylococcus lutrae	slz
1555112	Limnochorda pilosa	lpil
1560345	Sphingomonas panacis	span
1561	Clostridium baratii	cbv
1561022	Streptomyces sp. CCM_MD2014	strd
1561023	Curtobacterium sp. MR_MD2014	cum
1562970	Fermentimonas caenicola	pbt
1564114	Rhodococcus sp. B7740	rhb
1564506	Rhodovulum sp. P5	rhc
1564681	Carnobacterium sp. CP1	carc
1565605	Rugosibacter aromaticivorans	rbu
156563	Cyanistes caeruleus	ccae
1565991	Bacillus sp. X1(2014)	gst
1566358	Paenibacillus sp. IHBB 10380	pih
156978	Corynebacterium imitans	cii
1571	Sporosarcina ureae	sure
1572656	Ruminococcaceae bacterium CPB6	rbp
157687	Leptotrichia wadei	lwd
1577684	Candidatus Nanopusillus acidilobi	naa
1577791	Candidatus Methanoplasma termitum	mear
157782	Pseudomonas parafulva	ppv
157783	Pseudomonas cremoricolorata	psw
1578165	Mycobacteroides saopaulense	msao
1579979	Wenzhouxiangella marina	wma
1580092	Nitrosopumilus adriaticus	nin
1581557	Candidatus Methylopumilus planktonicus	mbat
1581680	Candidatus Methylopumilus turicensis	mbac
1582	Lactobacillus casei	lcx
1582439	Nitrosopumilus piranensis	nid
1583	Weissella confusa	wcf
158386	Olea europaea var. sylvestris	oeu
158441	Folsomia candida	fcd
158456	Betta splendens	bspl
158500	Novosphingobium resinovorum	nre
158627	Pseudomonas graminis	pgg
1586287	Lentzea guizhouensis	led
1587	Lactobacillus helveticus	lhe
158787	Bifidobacterium scardovii	bsca
1588023	Arthrobacter sp. Hiyo8	arh
158822	Cedecea neteri	cnt
158849	Moellerella wisconsensis	mwi
1592790	Sphingobium phenoxybenzoativorans	spph
1592897	Coxiella-like endosymbiont	ceq
1600	Lactobacillus acetotolerans	lae
1603555	Candidatus Nitrosotenuis cloacae	tah
1603606	Desulfuromonas soudanensis	des
1603886	Bifidobacterium lemurum	blem
1604	Lactobacillus amylovorus	lam
1604004	Halanaeroarchaeum sulfurireducens	hsu
160453	Enterococcus gilvus	egv
160488	Pseudomonas putida KT2440	ppu
160492	Xylella fastidiosa 9a5c	xfa
160660	Acidihalobacter prosperus	aprs
160799	Paenibacillus borealis	pbd
1608454	Sinocyclocheilus anshuiensis	sanh
1608473	Acinetobacter sp. NCu2D-2	aciu
1609559	Pyrococcus kukulkanii	pyc
1609758	Novosphingobium sp. P6W	nov
1609968	Methanobrevibacter sp. YE315	meye
1609977	Sphingomonas hengshuiensis	sphi
1610493	Tessaracoccus flavus	tfl
1610576	Halomonas sp. R57-5	ham
1612551	Actinoalloteichus sp. GBA129-24	acti
1613	Lactobacillus fermentum	lfe
161398	Pseudoalteromonas phenolica	pphe
1615909	Geminocystis sp. NIES-3708	gee
1616788	Paenibacillus bovis	pbv
1617448	Geminocystis sp. NIES-3709	gen
1618207	Psychromicrobium lacuslunae	ari
1618337	Berkelbacteria bacterium GW2011_GWE1_39_12	bbgw
1618372	Candidatus Beckwithbacteria bacterium GW2011_GWC1_49_16	mib
1618600	Candidatus Woesebacteria bacterium GW2011_GWF1_31_35	wba
1618633	Candidatus Campbellbacteria bacterium GW2011_OD1_34_28	cgw
161895	Corynebacterium phocae	cpho
161896	Corynebacterium camporealensis	ccj
161899	Corynebacterium singulare	csx
1619007	Candidatus Wolfebacteria bacterium GW2011_GWB1_47_1	pwo
1619070	Candidatus Saccharibacteria bacterium GW2011_GWC2_44_17	sbag
1619308	Cnuibacter physcomitrellae	cphy
1619313	Erwinia gerundensis	ege
161934	Beta vulgaris	bvg
162	Treponema phagedenis	tphg
1620392	Spongiibacter sp. IMCC21906	spoi
1620421	Hoeflea sp. IMCC20628	hoe
162209	Paenibacillus naphthalenovorans	pnp
1622118	Lutibacter profundi	lut
162425	Aspergillus nidulans	ani
162426	Microbacterium hominis	mhos
1629	Weissella viridescens	wvr
163003	Thermococcus cleftensis	thm
1630135	Dermabacter vaginalis	dva
1630693	Gemmata sp. SH-PL17	ges
163164	Wolbachia endosymbiont of Drosophila melanogaster	wol
1631871	Weissella jogaejeotgali	wjo
1632864	Planctomyces sp. SH-PL14	pls
1632865	Pirellula sp. SH-Sr6A	pir
163359	Acidiferrobacter thiooxydans	aty
1633874	Acetobacter oryzifermentans	asv
1634516	Citromicrobium sp. JL477	cij
1636152	Planctomyces sp. SH-PL62	plh
1637999	Verrucomicrobia bacterium IMCC26134	vba
1639348	Magnetospirillum sp. ME-1	magn
1642646	Petrimonas mucosa	pmuc
1642647	Proteiniphilum saccharofermentans	psac
1643450	Devosia sp. H5989	deq
1644130	Maribacter sp. 1_2014MBL_MicDiv	marm
1644131	Janthinobacterium sp. 1_2014MBL_MicDiv	jaz
1646377	Rouxiella badensis	rbad
1646498	Acinetobacter sp. TTH0-4	att
1647413	Anabaena sp. WA102	awa
164757	Mycobacterium sp. JLS	mjl
1648	Erysipelothrix rhusiopathiae	erh
1652495	Corynebacterium crudilactis	ccjz
1653476	Caldimicrobium thiodismutans	cthi
1653478	Rhodococcus sp. PBTS 1	rhu
1653480	Alloactinosynnema sp. L-07	alo
1655	Actinomyces naeslundii	ane
1658665	Mitsuaria sp. 7	miu
1658671	Arsenicicoccus sp. oral taxon 190	ars
1658672	Ottowia sp. oral taxon 894	oto
1660	Schaalia odontolytica	soo
1660073	Campylobacter sp. RM6137	camy
1661	Trueperella pyogenes	tpy
1662285	Methylophilus sp. TWE2	meu
166314	Synechococcus sp. WH 8109	syh
1663591	Magnetospirillum sp. XM-1	magx
166361	Onthophagus taurus	otu
1664069	Bacillus glycinifermentans	bgy
166486	Roseburia intestinalis	rix
1673428	Cuniculiplasma divulgatum	cdiv
1674923	Thermococcus sp. 2319x1	thv
1676925	Paramormyrops kingsleyae	pki
1678028	Massilia sp. NR 4-1	mnr
1678128	Limnohabitans sp. 63ED37-2	lih
1678129	Limnohabitans sp. 103DPR2	lim
1678678	Burkholderia sp. HB1	buq
1679444	Akkermansia glycaniphila	agl
1680	Bifidobacterium adolescentis	bad
1681	Bifidobacterium bifidum	bbp
1683	Bifidobacterium angulatum	bang
168384	Marvinbryantia formatexigens	mfor
1685	Bifidobacterium breve	bbv
1685010	Chryseobacterium glaciei	chh
1686310	Bartonella apis	bapi
1687	Bifidobacterium coryneforme	bcor
1689272	Vitreoscilla massiliensis	vms
1690248	Arthrobacter sp. LS16	arl
1690484	Hyphomonadaceae bacterium UKL13-1	hbc
1690485	Betaproteobacteria bacterium UKL13-2	beb
1690815	Pseudonocardia sp. HH130630-07	phh
1692238	Enterobacter sp. FY-07	enf
169427	Paraburkholderia terricola	pts
169430	Paraburkholderia hospita	phs
169435	Anaerotruncus colihominis	acol
1695218	Paenibacillus sp. 32O-W	pow
1696072	Microbacterium sp. CGR1	mim
169679	Clostridium saccharobutylicum	csb
1697	Corynebacterium ammoniagenes	camg
1697043	Bordetella sp. H567	boh
169760	Paenibacillus stellifer	pste
169765	Mycobacterium lacus	mlj
1699624	Psychrobacter sp. P11G5	psyg
169963	Listeria monocytogenes EGD-e	lmo
1700835	Candidatus Bathyarchaeota archaeon BA1	barc
1700836	Candidatus Bathyarchaeota archaeon BA2	barb
170187	Streptococcus pneumoniae TIGR4	spn
1702221	Faecalibaculum rodentium	fro
1702325	Chelatococcus sp. CO-6	chel
1703	Brevibacterium linens	bly
1704044	Arthrobacter sp. ERGS1:01	are
1704307	Candidatus Xiphinematobacter sp. Idaho Grape	xii
1705	Corynebacterium stationis	csta
1705394	Candidatus Thioglobus autotrophicus	tho
170573	Staphylococcus pettenkoferi	spet
1707785	Massilia sp. WG5	masw
171101	Streptococcus pneumoniae R6	spr
1712410	Thermoanaerosceptrum fracticalcis	tfr
1712654	Thermococcus piezophilus	tpie
1712675	Turicibacter sp. H121	tur
1714373	Microbacterium sp. No. 7	mio
1715806	Methanosarcina flavescens	mfz
1715989	Candidatus Nitrospira inopinata	nio
1716143	Pseudodesulfovibrio indicus	dej
1719	Corynebacterium pseudotuberculosis	cpu
1719125	Candidatus Riesia sp. GBBU	rig
1720344	Psychrobacter sp. AntiMn-1	psya
172043	Brevundimonas nasdae	bnd
172045	Elizabethkingia miricola	elb
1721091	Chryseobacterium sp. IHB B 17019	cih
1724	Corynebacterium renale	crl
1725	Corynebacterium xerosis	cxe
1725411	Streptomyces sp. CdTB01	scx
172713	Paenibacillus kribbensis	pkb
1727163	Algoriphagus sanaruensis	alm
1727164	Pedobacter sp. PACM 27299	pep
1727196	Methylomonas sp. DH-1	mdh
1729720	Salegentibacter sp. T436	salt
1735162	Candidatus Peribacter riflensis	prf
1735272	Gigantopelta aegis	gae
1736	Eubacterium limosum	elim
1736674	Algibacter alginicilyticus	ahz
1737403	Nanohaloarchaea archaeon SG9	nac
1737425	Corynebacterium provencense	cpre
1747	Cutibacterium acnes	pac
1748243	Candidatus Tenderia electrophaga	tee
1749074	Mycoplasma sp. (ex Biomphalaria glabrata)	myg
1749259	Marinobacter sp. LQ44	mlq
1750719	Kurthia sp. 11kri321	kur
1751286	Nostoc sp. NIES-3756	non
1751294	Streptomyces sp. 4F	strf
1752063	Fischerella sp. NIES-3754	fis
1752064	Leptolyngbya sp. NIES-3755	len
1752398	Ensifer alkalisoli	eak
1758178	Celeribacter ethanolicus	ceh
1759399	Streptococcus sp. A12	stra
1760988	Methylomagnum ishizawai	misz
176275	Beauveria bassiana	176275
176279	Staphylococcus epidermidis RP62A	ser
176280	Staphylococcus epidermidis ATCC 12228	sep
1763538	Paenibacillus crassostreae	pcx
1765	Mycobacterium tuberculosis variant bovis	mbo
1766	Mycolicibacterium fortuitum	mft
1768	Mycobacterium kansasii	mkn
1768108	Deinococcus actinosclerus	dab
1768242	Paucibacter sp. KCTC 42545	pkt
176946	Python bivittatus	pbi
1769779	Microbulbifer aggregans	micc
1771	Mycolicibacterium phlei	mphl
1774	Mycobacteroides chelonae	mche
177416	Francisella tularensis subsp. tularensis SCHU S4	ftu
1774273	Polaribacter vadi	pob
1776	Mycolicibacterium flavescens	mflv
1776384	Emergencia timonensis	etm
1778	Mycobacterium gordonae	mgor
1778262	Candidatus Doolittlea endobia	den
1778263	Candidatus Hoaglandella endobia	hed
1778264	Candidatus Mikella endobia	cmik
1779382	Rhodothermaceae bacterium RA	rbar
1780	Mycobacterium malmoense	mmam
1783515	Streptomyces qaidamensis	stsi
1784	Mycobacterium simiae	Mycobacterium
1785995	Gemella sp. oral taxon 928	got
1785996	Leptotrichia sp. oral taxon 847	lot
1788	Mycolicibacter terrae	mter
1789	Mycobacterium xenopi	mxe
1789224	Acinetobacter larvae	ala
1790137	Wenyingzhuangia fucanilytica	wfu
1791	Mycolicibacterium aurum	mauu
1792307	Bosea sp. PAMC 26642	bop
1793	Mycolicibacterium fallax	mfx
1795	Mycolicibacterium neoaurum	mne
1795043	Burkholderia sp. PAMC 26561	bum
1795053	Microbacterium sp. PAMC 28756	mip
1795630	Frondihabitans sp. PAMC 28766	frp
1795631	Variovorax sp. PAMC 28711	vaa
1796613	Bacteroides caecimuris	bcae
1796616	Blautia sp. YL58	byl
1796646	Muribaculum intestinale	pary
1797	Mycolicibacterium thermoresistibile	mthn
1798018	Candidatus Fluviicola riflensis	flu
180498	Jatropha curcas	jcu
1806	Mycobacterium tuberculosis variant microti	mmic
180675	Salvia splendens	sspl
1806885	Sphingorhabdus sp. M41	sphg
1806905	Arthrobacter sp. ZXY-2	arx
180957	Pectobacterium brasiliense	pbra
1810504	Immundisolibacter cernigliae	gbi
181119	Pseudopodoces humilis	phi
1811193	Streptococcus pantholopis	spat
1813019	Campylobacter hepaticus	chw
1816218	Colwellia sp. PAMC 20917	coz
1816219	Colwellia sp. PAMC 21821	colw
1821621	Marinobacterium aestuarii	mars
182217	Helicobacter cetorum MIT 00-7128	hce
1823759	Desulfuromonas sp. DDH964	deu
1824	Nocardia asteroides	nad
1827469	Brevundimonas sp. GW460-12-10-14-LB2	brg
1828	Rhodococcus fascians	rfa
1829	Rhodococcus rhodochrous	rrt
1833	Rhodococcus erythropolis	Rhodococcus
1834196	Lachnoclostridium sp. YL32	lacy
1834198	Hungateiclostridiaceae bacterium KB18	ruk
1834205	Burkholderiales bacterium YL45	bbay
1834207	Erysipelotrichaceae bacterium I46	erb
1834519	Fibrella sp. ES10-3-2-2	fib
1835254	Polynucleobacter duraquae	pdq
1836467	Maribacter sp. T28	mart
1838286	Lacunisphaera limnophila	obg
1839801	Dehalogenimonas formicexedens	dfo
1841481	Seriola lalandi dorsalis	slal
1842533	Acidovorax sp. RAC01	acra
1842534	Sinorhizobium sp. RAC02	six
1842535	Blastomonas sp. RAC04	blas
1842536	Agrobacterium sp. RAC06	agc
1842537	Hydrogenophaga sp. RAC07	hyr
1842539	Bosea sp. RAC05	bos
1842540	Methyloversatilis sp. RAC08	metr
1842727	Rhodoferax koreense	rhy
1843368	Sphingobium sp. RAC03	sphr
1844006	Phaeobacter porticola	php
1848766	Campylobacter ornithocola	coj
1849032	Arthrobacter sp. U41	aru
1849967	Streptomyces sp. SAT1	strt
185007	Pseudobutyrivibrio xylanivorans	pxv
185008	Butyrivibrio hungatei	bhu
1850250	Rhodobacter sp. LPB0142	rhp
1850252	Tenacibaculum todarodis	ten
1850526	Arachidicoccus sp. BS20	arb
1851148	Limihaloglobus sulfuriphilus	pbas
1851544	Orrella dioscoreae	odi
1853130	Pseudomonas silesiensis	psil
1853690	Halolamina sp. CBA1230	haln
1855519	Sphingobium sp. EP60837	sphb
1855823	Macrococcus canis	mcak
1855912	Luteitalea pratensis	abac
1856685	Pseudomonas sp. TCU-HL1	pset
1860122	Halothiobacillus sp. LS2	haz
1862950	Rhizobiales bacterium NRL2	rbm
186490	Candidatus Baumannia cicadellinicola	bcib
186497	Pyrococcus furiosus DSM 3638	pfu
1868325	Prosthecochloris sp. CIB 2401	proc
1868482	Carlito syrichta	csyr
1870984	Anaerococcus mediterraneensis	amei
1871111	Acinetobacter defluvii	adv
187303	Methylocystis sp. SC2	msc
1873524	Halodesulfurarchaeum formicicum	halh
1874317	Marinobacter salinus	msq
1874630	Clavibacter michiganensis subsp. capsici	ccap
187493	Thalassolituus oleivorans	tol
1878942	Candidatus Fukatsuia symbiotica	fsm
1879050	Acinetobacter wuhouensis	awu
1883416	Halomonas sp. 1513	halo
188379	Egretta garzetta	egz
1884263	Selenomonas sp. oral taxon 920	selt
1888	Streptomyces albus	sals
1889	Streptomyces ambofaciens	samb
188932	Pedobacter cryoconitis	pcm
1889813	Anaerolineaceae bacterium oral taxon 439	abao
1890	Streptomyces antibioticus	1890
1891280	Sulfolobus sp. A20	sula
1891675	Pantoea alhagi	palh
1893	Streptomyces atratus	sata
189425	Paenibacillus graminis	pgm
189426	Paenibacillus odorifer	pod
1896196	Porphyrobacter sp. LM 6	porl
1898044	Spiroplasma sp. TU-14	spit
1898203	Lachnospiraceae bacterium	lbw
1899017	Candidatus Melainabacteria bacterium MEL.A1	mbf
189918	Mycobacterium sp. KMS	mkm
1901	Streptomyces clavuligerus	sclf
1902579	Candidatus Tokpelaia hoelldoblerii	thd
190304	Fusobacterium nucleatum subsp. nucleatum ATCC 25586	fnu
1903186	Brachybacterium sp. P6-10-X1	brx
1903686	Jeotgalibaca sp. PTS2502	jep
1904640	Betaproteobacteria bacterium GR16-43	beba
1904944	Stenotrophomonas sp. LM091	slm
1905	Streptomyces exfoliatus	1905
1905730	Pectobacterium parmentieri	pwa
1905847	Curtobacterium sp. BH-2-1-1	cub
1906	Streptomyces fradiae	sfb
1906741	Jeongeupia sp. USM3	jeu
1906742	Microbacterium sp. BH-3-3-3	mih
1906744	Rodentibacter heylii	rhey
1907	Streptomyces glaucescens	sgu
190721	Ralstonia insidiosa	rin
190893	Vibrio coralliilyticus	vcy
1909395	Nonomuraea sp. ATCC 55076	noa
1909732	Tessaracoccus sp. T2.5-30	tez
1911	Streptomyces griseus	sgr
1911586	Marinilactibacillus sp. 15R	marr
1911587	Virgibacillus sp. 6R	vig
1912856	Peptoniphilus sp. ING2-D1G	ped
191292	Rhodococcus aetherivorans	rav
1913577	Gramella salexigens	grl
1915	Streptomyces lincolnensis	sls
1915078	Thioclava nitratireducens	thw
191610	Corynebacterium atypicum	cax
1916956	Synechococcus sp. SynAce01	syny
192	Azospirillum brasilense	abq
1920883	Marivivens sp. JLT3646	don
1921421	Geobacillus genomosp. 3	gjf
1921510	Tardibacter chloracetimidivorans	sphj
1922217	Candidatus Erwinia haradaeae	ehd
192222	Campylobacter jejuni subsp. jejuni NCTC 11168 = ATCC 700819	cje
192421	Planococcus maritimus	pmat
1926494	Paraburkholderia sp. SOS3	para
192952	Methanosarcina mazei Go1	mma
1930546	Sporosarcina sp. P37	spop
1931275	Neisseria dumasiana	ndu
1932360	Halorientalis sp. IM1011	hali
1933220	Sphingobacterium sp. B29	sphn
1933880	Glutamicibacter halophytocola	gar
1933904	Bartonella sp. WD16.2	barw
1933906	Bartonella sp. JB15	bart
1933912	Bartonella sp. Raccoon60	barr
193462	Streptomyces niveus	snw
1935	Streptomyces violaceoruber	svu
1936003	Anaerohalosphaera lusitana	alus
1936080	Winogradskyella sp. J14-2	wij
1936081	Seonamhaeicola sp. S2-3	seon
1938604	Aquaspirillum sp. LM1	aql
1938605	Brevundimonas sp. LM2	brl
1938607	Sphingomonas sp. LM7	splm
1940790	Sedimentisphaera cyanobacteriorum	pbu
1941349	Sedimentisphaera salicampi	pbp
194197	Neisseria dentiae	ndn
194338	Athene cunicularia	acun
1945512	Cellvibrio sp. PSBB023	ceb
1945662	Paracoccus contaminans	pcon
194963	Sinorhizobium americanum	same
195	Campylobacter coli	ccol
195103	Clostridium perfringens ATCC 13124	cpf
195105	Haematobacter massiliensis	hml
195253	Synechococcus sp. PCC 6312	syne
195522	Thermococcus nautili	tnu
195913	Loktanella salsilacus	lsal
1960083	Actinomyces gaoshouyii	actp
1961	Streptomyces virginiae	1961
196162	Nocardioides sp. JS614	nca
196627	Corynebacterium glutamicum ATCC 13032	cgl
1974213	Prosthecochloris sp. HL-130-GSB	prs
1980001	Cellulosimicrobium sp. TH-20	cet
198107	Azoarcus sp. CIB	azi
198467	Anoxybacillus gonensis	agn
198620	Pseudomonas koreensis	pkr
198628	Dickeya dadantii 3937	ddd
1993	Actinomadura madurae	1993
199306	Coccidioides posadasii	cpw
200991	Planococcus rifietoensis	prt
2015173	Ooceraea biroi	obo
202	Campylobacter mucosalis	cmuc
202698	Punctularia strigosozonata	psq
202752	Listeria ivanovii subsp. londoniensis	lia
202947	Actinobacillus equuli subsp. equuli	aeu
202950	Acinetobacter baylyi	aci
202951	Acinetobacter bouvetii	abou
202952	Acinetobacter gerneri	202952
202954	Acinetobacter tandoii	atn
202956	Acinetobacter towneri	atg
203120	Leuconostoc mesenteroides subsp. mesenteroides ATCC 8293	lme
2035	Curtobacterium flaccumfaciens	cqf
203907	Candidatus Blochmannia floridanus	bfl
203908	Melampsora larici-populina	mlr
2041	Aeromicrobium erythreum	aer
2045	Pimelobacter simplex	psim
204773	Herminiimonas arsenicoxydans	har
2055	Gordonia terrae	gta
205918	Pseudomonas syringae pv. syringae B728a	psb
205922	Pseudomonas fluorescens Pf0-1	pfo
206008	Panicum hallii	phai
2064	Kitasatospora griseola	2064
206403	Sulfurovum lithotrophicum	slh
206506	Kerstersia gyiorum	kgy
206672	Bifidobacterium longum NCC2705	blo
207340	Roseomonas mucosa	rmuc
2074	Pseudonocardia autotrophica	paut
207949	Bermanella marisrubri	bmar
207954	Neptuniibacter caesariensis	207954
208223	Kosakonia cowanii	kco
208224	Enterobacter kobei	ekb
208439	Amycolatopsis japonica	Amycolatopsis
208596	Carnobacterium sp. 17-4	crn
208960	Fomitiporia mediterranea	fme
208964	Pseudomonas aeruginosa PAO1	pae
2094	Mycoplasma arginini	marg
210007	Streptococcus mutans UA159	smu
210225	Nymphaea colorata	ncol
2110	Mycoplasma agalactiae	maa
211110	Streptococcus agalactiae NEM316	san
212717	Clostridium tetani E88	ctc
212767	Mycobacterium sp. JS623	msa
2133	Spiroplasma citri	sck
213554	Halomonas campaniensis	hcs
213585	Methanosarcina mazei S-6	mmj
214092	Yersinia pestis CO92	ype
214684	Cryptococcus neoformans var. neoformans JEC21	cne
215358	Larimichthys crocea	lco
215689	Erwinia sp. Ejp617	erj
215743	Roseovarius mucosus	rmm
216142	Pseudomonas rhizosphaerae	prh
2162	Methanobacterium formicicum	mfc
216591	Burkholderia cenocepacia J2315	bcj
216594	Mycobacterium marinum M	mmi
216595	Pseudomonas fluorescens SBW25	pfs
216596	Rhizobium leguminosarum bv. viciae 3841	rle
216778	Stenotrophomonas rhizophila	srh
216816	Bifidobacterium longum	blo
216938	Spiroplasma helicoides	shj
216942	Spiroplasma litorale	sll
216946	Spiroplasma turonicum	stur
217204	Achromobacter insolitus	ais
217634	Anoplophora glabripennis	agb
2177	Methanohalophilus halophilus	mhaz
218467	Centruroides sculpturatus	cscu
218491	Pectobacterium atrosepticum SCRI1043	eca
218493	Salmonella bongori NCTC 12419	sbg
218821	Amycolatopsis pretoriensis	aprt
218936	Aeromonas simiae	asim
219572	Pseudomonas antarctica	panr
2200	Methanoculleus thermophilus	2200
220664	Pseudomonas protegens Pf-5	pfl
220668	Lactobacillus plantarum WCFS1	lpl
220927	Mycobacterium saskatchewanense	msak
221027	Treponema putidum	tpk
221103	Moniliophthora roreri	mrr
223781	Aquila chrysaetos chrysaetos	achc
223926	Vibrio parahaemolyticus RIMD 2210633	vpa
224129	Agrilus planipennis	apln
224325	Archaeoglobus fulgidus DSM 4304	afu
224326	Borreliella burgdorferi B31	bbu
224719	Methanobrevibacter sp. AbM4	meb
224911	Bradyrhizobium diazoefficiens USDA 110	bja
225117	Pyrus x bretschneideri	pxb
225164	Lottia gigantea	lgi
225400	Myotis davidii	myd
225848	Shewanella psychrophila	spsw
225991	Comamonas aquatica	caqt
225992	Comamonas kerstersii	cke
226185	Enterococcus faecalis V583	efa
226186	Bacteroides thetaiotaomicron VPI-5482	bth
22663	Punica granatum	22663
226900	Bacillus cereus ATCC 14579	bce
227377	Coxiella burnetii RSA 493	cbu
228400	Histophilus somni 2336	hsm
230089	Photorhabdus thracensis	ptt
230361	Methanobrevibacter millerae	mmil
232348	Synechococcus sp. CB0101	sync
2325	Thermoanaerobacter kivui	tki
232721	Acidovorax sp. JS42	ajs
233316	Alteromonas stellipolaris	asp
234621	Rhodococcus erythropolis PR4	rer
234831	Pseudoalteromonas sp. SM9913	psm
237258	Cloacibacterium normanense	cnr
237610	Pseudomonas psychrotolerans	ppsl
238	Elizabethkingia meningoseptica	emg
241244	Rummeliibacillus stabekisii	rst
242231	Neisseria gonorrhoeae FA 1090	ngo
2423	Fervidobacterium islandicum	fia
242619	Porphyromonas gingivalis W83	pgi
243159	Acidithiobacillus ferrooxidans ATCC 23270	afr
243160	Burkholderia mallei ATCC 23344	bma
243164	Dehalococcoides mccartyi 195	det
243231	Geobacter sulfurreducens PCA	gsu
243273	Mycoplasma genitalium G37	mge
243274	Thermotoga maritima MSB8	tma
244447	Cynoglossus semilaevis	csem
245174	Wallemia ichthyophaga	wic
246	Chryseobacterium balustinum	cbp
246273	Wolbachia endosymbiont of Cimex lectularius	wcl
246432	Staphylococcus equorum	seqo
246437	Tupaia chinensis	tup
246787	Bacteroides cellulosilyticus	bcel
246969	Thermococcus sp. AM4	tha
247156	Nocardia farcinica IFM 10152	nfa
247523	Pseudoalteromonas aliena	paln
248742	Coccomyxa subellipsoidea	csl
252514	Microbulbifer thermotolerans	mthd
253	Chryseobacterium indologenes	cio
253839	Streptomyces sp. C	strc
254	Chryseobacterium indoltheticum	cil
255247	Fictibacillus arsenicus	far
255470	Dehalococcoides mccartyi CBDB1	deh
256	Myroides odoratus	moa
257309	Corynebacterium diphtheriae NCTC 13129	cdi
257310	Bordetella bronchiseptica RB50	bbr
257313	Bordetella pertussis Tohama I	bpe
257314	Lactobacillus johnsonii NCC 533	ljo
257708	Roseomonas gilardii	rgi
257758	Streptococcus pseudopneumoniae	std
258594	Rhodopseudomonas palustris CGA009	rpa
260552	Microbulbifer agarilyticus	maga
260554	Bacillus halotolerans	bht
261164	Psychrobacter alimentarius	pali
261292	Nitrosomonas sp. Is79A3	nii
261299	Intestinibacter bartlettii	ibr
261317	Buchnera aphidicola (Cinara tujafilina)	baj
262209	Janibacter melonis	jme
262316	Mycobacterium avium subsp. paratuberculosis K-10	mpa
262324	Lysobacter gummosus	lgu
262723	Mycoplasma synoviae 53	msy
262724	Thermus thermophilus HB27	tth
262768	Onion yellows phytoplasma OY-M	poy
264199	Streptococcus thermophilus LMG 18311	stl
264462	Bdellovibrio bacteriovorus HD100	bba
264732	Moorella thermoacetica ATCC 39073	mta
265311	Mesoplasma florum L1	mfl
265960	Komagataeibacter nataicola	kna
266779	Chelativorans sp. BNC1	mes
266834	Sinorhizobium meliloti 1021	sme
267128	Sphingopyxis granuli	sgi
267212	Neisseria bacilliformis	nbc
267377	Methanococcus maripaludis S2	mmp
267608	Ralstonia solanacearum GMI1000	rso
269482	Burkholderia vietnamiensis G4	bvi
269796	Rhodospirillum rubrum ATCC 11170	rru
2702	Gardnerella vaginalis	gvg
270351	Methylobacterium aquaticum	maqu
270918	Salegentibacter mishustinae	smis
2711	Citrus sinensis	cit
2718	Cardiobacterium hominis	chj
272556	Aggregatibacter actinomycetemcomitans HK1651	aah
272559	Bacteroides fragilis NCTC 9343	bfs
272560	Burkholderia pseudomallei K96243	bps
272561	Chlamydia trachomatis D/UW-3/CX	ctr
272562	Clostridium acetobutylicum ATCC 824	cac
272568	Gluconacetobacter diazotrophicus PA1 5	gdi
272620	Klebsiella pneumoniae subsp. pneumoniae MGH 78578	kpn
272621	Lactobacillus acidophilus NCFM	lac
272623	Lactococcus lactis subsp. lactis Il1403	lla
272631	Mycobacterium leprae TN	mle
272634	Mycoplasma pneumoniae M129	mpn
27288	Naumovozyma castellii	ncs
27289	Naumovozyma dairenensis	ndi
27337	Verticillium dahliae	vda
273371	Candida orthopsilosis	cot
273526	Serratia marcescens subsp. marcescens Db11	smac
273677	Microbacterium oleivorans	moo
274537	Chlorobaculum limnaeum	clz
2748	Carnobacterium divergens	cdj
2756	Brochothrix thermosphacta	bths
27679	Saimiri boliviensis	sbq
2769	Chondrus crispus	ccp
277988	Thermococcus thioreducens	ttd
278197	Pediococcus pentosaceus ATCC 25745	ppe
279010	Bacillus licheniformis DSM 13 = ATCC 14580	bld
279058	Collimonas arenae	care
279113	Collimonas pratensis	cpra
279808	Staphylococcus haemolyticus JCSC1435	sha
28026	Bifidobacterium pseudocatenulatum	bpsc
28028	Corynebacterium flavescens	cfc
28035	Staphylococcus lugdunensis	slg
28072	Nostoc sp. PCC 7524	nop
28084	Legionella cherrii	lcj
28087	Legionella sainthelensi	lsh
28090	Acinetobacter lwoffii	alw
28091	Neisseria weaveri	nwe
28099	Agrobacterium rubi	arui
28108	Alteromonas macleodii	amac
28110	Francisella philomiragia	fph
28116	Bacteroides ovatus	boa
28117	Alistipes putredinis	aput
28131	Prevotella intermedia	pit
281362	Dechloromonas denitrificans	dden
28141	Cronobacter sakazakii	esa
28152	Yersinia kristensenii	yki
28173	Vibrio nigripulchritudo	vni
28182	Leptospira noguchii	lno
28189	Capnocytophaga cynodegmi	ccyn
28229	Colwellia psychrerythraea	cps
28258	Cobetia marina	cmai
282676	Acidianus manzaensis	aman
283035	Sander lucioperca	sluc
283686	Kosakonia radicincitans	krd
283699	Pseudoalteromonas sp. Bsw20308	pbw
28377	Anolis carolinensis	acs
283942	Idiomarina loihiensis L2TR	ilo
2850	Phaeodactylum tricornutum	pti
28532	Tarenaya hassleriana	thj
285473	Streptomyces rubrolavendulae	srn
286419	Canis lupus dingo	clud
286727	Azospirillum oryzae	aoz
287	Pseudomonas aeruginosa	pae
28743	Cyprinodon variegatus	cvg
288000	Bradyrhizobium sp. BTAi1	bbt
288004	Beggiatoa leptomitoformis	blep
28885	Hydrogenovibrio marinus	hmar
28898	Campylobacter helveticus	chv
28903	Mycoplasma bovis	mbh
28985	Kluyveromyces lactis	kla
2903	Emiliania huxleyi	ehx
290317	Chlorobium phaeobacteroides DSM 266	cph
290397	Anaeromyxobacter dehalogenans 2CP-C	ade
290399	Arthrobacter sp. FB24	art
290400	Jannaschia sp. CCS1	jan
290402	Clostridium beijerinckii NCIMB 8052	cbe
290633	Gluconobacter oxydans 621H	gox
29073	Ursus maritimus	umr
29088	Neomonachus schauinslandi	nsu
291112	Photorhabdus asymbiotica	pay
291331	Xanthomonas oryzae pv. oryzae KACC 10331	xoo
29159	Crassostrea gigas	crg
292	Burkholderia cepacia	Burkholderia
292414	Ruegeria sp. TM1040	sit
292462	Mycobacterium florentinum	mfj
292800	Flavonifractor plautii	fpla
292805	Wolbachia endosymbiont strain TRS of Brugia malayi	wbm
292913	Sphingopyxis sp. 113P3	sphp
293	Brevundimonas diminuta	bdm
29314	Mycolicibacter hiberniae	mhib
29320	Paenarthrobacter nicotinovorans	pnv
29341	Clostridium argentinense	carg
29379	Staphylococcus auricularis	saul
29382	Staphylococcus cohnii	scoh
29385	Staphylococcus saprophyticus	ssp
29394	Dolosigranulum pigrum	dpm
294	Pseudomonas fluorescens	pfn
29430	Acinetobacter haemolyticus	ahl
29433	Moraxella ovis	moi
29448	Bradyrhizobium elkanii	bel
29449	Rhizobium etli	ret
29466	Veillonella parvula	vpr
294671	Methanobrevibacter olleyae	mol
294699	Anoxybacillus amylolyticus	aamy
29484	Yersinia frederiksenii	yfr
29485	Yersinia rohdei	yro
29486	Yersinia ruckeri	yru
29488	Photorhabdus luminescens	plui
29491	Aeromonas salmonicida subsp. salmonicida	asa
29495	Vibrio navarrensis	vnv
29497	Vibrio splendidus	vsl
29518	Borreliella afzelii	bafh
29519	Borreliella garinii	bgb
295358	Mycoplasma hyopneumoniae 232	mhy
295405	Bacteroides fragilis YCH46	bfr
29555	Mycoplasma canis	mcas
29581	Janthinobacterium lividum	jlv
296	Pseudomonas fragi	pfz
296591	Polaromonas sp. JS666	pol
29730	Gossypium raimondii	gra
29760	Vitis vinifera	vvi
29850	Gaeumannomyces graminis	29850
298653	Frankia sp. EAN1pec	fre
29908	Sporothrix schenckii	ssck
299123	Lonchura striata domestica	lsr
299262	Tateyamaria omphalii	tom
299766	Enterobacter hormaechei subsp. steigerwaltii	ecly
299767	Enterobacter ludwigii	eec
300019	Microbacterium paludicola	mpal
300267	Shigella dysenteriae Sd197	sdy
30069	Anopheles stephensi	aste
300852	Thermus thermophilus HB8	ttj
301	Pseudomonas oleovorans	Pseudomonas
30195	Bombus terrestris	bter
302167	Virgibacillus dokdonensis	vpn
303541	Lactobacillus apis	lapi
30419	Opisthocomus hoazin	oha
30464	Nothoprocta perdicaria	npd
30538	Vicugna pacos	vpc
3055	Chlamydomonas reinhardtii	cre
30608	Microcebus murinus	mmur
30611	Otolemur garnettii	oga
306263	Campylobacter lari RM2100	cla
3067	Volvox carteri	vcn
3068	Volvox carteri f. nagariensis	vcn
306902	Clavispora lusitaniae ATCC 42720	clu
30732	Oryzias melastigma	oml
307486	Tepidimonas taiwanensis	ttw
3075	Auxenochlorella protothecoides	apro
307658	Monomorium pharaonis	mpha
307959	Sinocyclocheilus rhinocerous	srx
308060	Apteryx rowi	arow
308754	Rhodovulum sp. MB263	rhm
3088	Tetradesmus obliquus	3088
309807	Salinibacter ruber DSM 13855	sru
31033	Takifugu rubripes	tru
310453	Neofusicoccum parvum	npa
310752	Balaenoptera acutorostrata scammoni	bacu
311180	Yangia pacifica	ypac
311424	Dehalococcoides mccartyi VS	dev
311458	Candidatus Caldiarchaeum subterraneum	csu
313590	Dokdonia sp. MED134	dok
313598	Polaribacter sp. MED152	pom
313603	Maribacter sp. HTCC2170	fbc
313612	Lyngbya sp. PCC 8106	313612
314225	Erythrobacter litoralis HTCC2594	eli
314266	Sphingomonas sp. SKA58	314266
314282	Psychromonas sp. CNPT3	psy
315358	Spiroplasma eriocheiris	seri
315750	Bacillus pumilus SAFR-032	bpu
316055	Rhodopseudomonas palustris BisA53	rpe
316056	Rhodopseudomonas palustris BisB18	rpc
316057	Rhodopseudomonas palustris BisB5	rpd
316058	Rhodopseudomonas palustris HaA2	rpb
316067	Geobacter daltonii FRC-32	geo
316278	Synechococcus sp. RCC307	syr
316279	Synechococcus sp. CC9902	sye
317577	Deinococcus ficus	dfc
317936	Nostoc sp. PCC 7107	nos
318424	Mycobacterium rufum	mrf
318683	Gluconobacter albidus	gal
318829	Pyricularia oryzae	mgr
319224	Shewanella putrefaciens CN-32	spc
31958	Amycolatopsis orientalis	aori
31964	Clavibacter michiganensis subsp. sepedonicus	cms
3197	Marchantia polymorpha	3197
319939	Pseudomonas otitidis	poj
32002	Achromobacter denitrificans	adt
32019	Campylobacter fetus subsp. fetus	cff
32020	Campylobacter fetus subsp. venerealis	cfv
320497	Neoasaia chiangmaiensis	nch
32051	Synechococcus sp. WH 7803	syx
320778	Photobacterium ganghwense	pgh
320787	Cyclobacterium amurskyense	camu
321327	Synechococcus sp. JA-3-3Ab	cya
321332	Synechococcus sp. JA-2-3B'a(2-13)	cyb
3218	Physcomitrium patens	ppp
321846	Pseudomonas simiae	pfw
322095	Porphyromonas somerae	psoe
322098	Aster yellows witches'-broom phytoplasma AYWB	ayw
322159	Streptococcus thermophilus LMD-9	ste
32264	Tetranychus urticae	tut
322710	Azotobacter vinelandii DJ	avn
323655	Neorhizobium galegae bv. orientalis	ngg
323656	Neorhizobium galegae bv. officinalis	ngl
32391	Cotesia glomerata	cglo
324057	Paenibacillus sp. JDR-2	pjd
32473	Xiphophorus couchianus	xco
325240	Shewanella baltica OS155	sbl
325775	Coxiella endosymbiont of Amblyomma americanum	cea
326425	Lactobacillus helveticus CNRZ32	lhv
326426	Bifidobacterium breve UCC2003	bbru
326522	Neisseria animaloris	nani
326523	Neisseria zoodegmatis	nzo
33010	Cutibacterium avidum	pra
33033	Parvimonas micra	pmic
33035	Blautia producta	bpro
33038	[Ruminococcus] gnavus	33038
33046	Bartonella taylorii	btay
33050	Sphingopyxis macrogoltabida	smag
33053	Neisseria perflava	npf
33060	Yersinia mollaretii	ymo
33069	Pseudomonas viridiflava	pvd
330734	Marinobacter psychrophilus	mpq
330779	Sulfolobus acidocaldarius DSM 639	sai
331636	Chlamydia psittaci 6BC	chp
331678	Chlorobium phaeobacteroides BS1	cpb
33169	Eremothecium gossypii	ago
33178	Aspergillus terreus	33178
33188	Uncinocarpus reesii	ure
33203	Purpureocillium lilacinum	plj
332101	Clostridium drakei	cdrk
332186	Shewanella xiamenensis	sxm
332411	Aquitalea magnusonii	amah
332949	Enterococcus silesiacus	ess
333962	Providencia heimbachae	phei
334390	Lactobacillus fermentum IFO 3956	lfe
33528	Gambusia affinis	gaf
336407	Rickettsia bellii RML369-C	rbe
337191	Gordonia sp. KTR9	gor
33888	Rathayibacter tritici	rtn
33889	Brevibacterium casei	bcau
33894	Mycobacterium tuberculosis variant africanum	maf
33903	Streptomyces avermitilis	sma
33905	Bifidobacterium thermophilum	btp
33935	Lysinibacillus macroides	lmac
33936	Aeribacillus pallidus	apak
33940	Geobacillus thermodenitrificans	gtn
33945	Enterococcus avium	eav
33959	Lactobacillus johnsonii	ljo
339670	Burkholderia ambifaria AMMD	bam
33968	Leuconostoc pseudomesenteroides	lpse
33990	Rickettsia bellii	rbe
33995	Komagataeibacter europaeus	keu
340	Xanthomonas campestris pv. campestris	xcc
340021	Thalassobius mediterraneus	tmd
34004	Paracoccus aminovorans	pamn
340170	Spathaspora passalidarum	spaa
340345	Actinoalloteichus hymeniacidonis	ahm
34061	Moraxella cuniculi	mcun
34062	Moraxella osloensis	mos
34085	Riemerella anatipestifer	ran
342113	Burkholderia oklahomensis	bok
342949	Pyrococcus sp. NA2	pyn
343691	Hermetia illucens	his
34373	Blumeria graminis	34373
343874	Empedobacter falsenii	efal
344609	Shigella boydii CDC 3083-94	sbc
345219	Bacillus coagulans 36D1	bag
345341	Kutzneria sp. 744	345341
345632	Geobacter pickeringii	gpi
34632	Rhipicephalus sanguineus	rsan
3469	Papaver somniferum	psom
347257	Mycoplasma agalactiae PG2	maa
347834	Rhizobium etli CFN 42	ret
3483	Cannabis sativa	3483
349064	Thalassotalea agarivorans	349064
349102	Rhodobacter sphaeroides ATCC 17025	rsq
349106	Psychrobacter sp. PRwf-1	prw
349215	Micavibrio aeruginosavorus EPB	man
3494	Ficus carica	3494
349520	Paenibacillus polymyxa E681	ppy
35128	Thalassiosira pseudonana	tps
351671	Xenorhabdus doucetiae	xdo
351679	Xenorhabdus hominickii	xho
351746	Pseudomonas putida F1	ppf
353496	Lactobacillus delbrueckii subsp. bulgaricus 2038	ldl
354242	Campylobacter jejuni subsp. jejuni 81-176	cjj
35525	Daphnia magna	dmk
35570	Stomoxys calcitrans	scac
35608	Artemisia annua	35608
3562	Spinacia oleracea	soe
35623	Acholeplasma oculi	aoc
35703	Citrobacter amalonaticus	cama
35743	Halorubrum sodomense	hss
35754	Dactylosporangium aurantiacum	daur
35755	Corynebacterium kutscheri	cku
35760	Bifidobacterium choerinum	bcho
357808	Roseiflexus sp. RS-1	rrs
35806	Rhodovulum sulfidophilum	rsu
35814	Bordetella holmesii	bho
35818	Helicobacter pullorum	hpul
358220	Acidovorax sp. KKS102	ack
35885	Ipomoea triloba	itr
359	Agrobacterium rhizogenes	aro
359391	Brucella abortus 2308	bmf
360094	Xanthomonas oryzae pv. oryzae PXO99A	xop
360104	Campylobacter concisus 13826	cco
360106	Campylobacter fetus subsp. fetus 82-40	cff
36033	Vanderwaltozyma polyspora	vpo
360911	Exiguobacterium sp. AT1b	eat
361101	Streptococcus pseudoporcinus	spsu
361183	Altererythrobacter epoxidivorans	aep
362257	Streptomyces vietnamensis	svt
362837	Spiroplasma cantharicola	scj
362948	Lactobacillus salivarius UCC118	lsl
362976	Haloquadratum walsbyi DSM 16790	hwa
363253	Lawsonia intracellularis PHE/MN1-00	lip
36329	Plasmodium falciparum 3D7	pfa
3635	Gossypium hirsutum	ghi
3641	Theobroma cacao	tcc
3649	Carica papaya	cpap
3654	Citrullus lanatus	3654
3656	Cucumis melo	cmo
3659	Cucumis sativus	csv
36651	Penicillium digitatum	pdp
366602	Caulobacter sp. K31	cak
36745	Clostridium saccharoperbutylacetonicum	csr
367477	Microbacterium sp. XT11	mix
367928	Bifidobacterium adolescentis ATCC 15703	bad
36805	Microbacterium aurum	maur
36807	Microbacterium laevaniformans	36807
36818	Streptomyces subrutilus	ssub
36841	Terrisporobacter glycolicus	tgc
36870	Wigglesworthia glossinidia endosymbiont of Glossina brevipalpis	wbr
36874	Porphyromonas cangingivalis	pcag
36914	Lodderomyces elongisporus	lel
3694	Populus trichocarpa	pop
37001	Glossina brevipalpis	wbr
37003	Kryptolebias marmoratus	kmr
3702	Arabidopsis thaliana	ath
370622	Aureimonas altamirensis	aalm
3708	Brassica napus	bna
3711	Brassica rapa	brp
3712	Brassica oleracea	boe
372461	Buchnera aphidicola BCc	bcc
373153	Streptococcus pneumoniae D39	spd
37332	Nocardia seriolae	nsr
37372	Helicobacter bilis	hbl
373994	Rivularia sp. PCC 7116	riv
374981	Synechococcus sp. PCC 7003	syl
375	Bradyrhizobium japonicum	bju
3750	Malus domestica	mdm
375286	Janthinobacterium sp. Marseille	mms
3755	Prunus dulcis	pdul
376	Bradyrhizobium sp.	bra
3760	Prunus persica	pper
376489	Halotalea alkalilenta	haa
37653	Octopus bimaculoides	obi
376619	Francisella tularensis subsp. holarctica LVS	ftl
376620	Gluconobacter japonicus	376620
376686	Flavobacterium johnsoniae UW101	fjo
37682	Aegilops tauschii	ats
37692	Candidatus Phytoplasma mali	pml
37727	Talaromyces marneffei	tmf
379097	Vibrio sinaloensis	vsi
37919	Rhodococcus opacus	rop
37923	Rothia kristinae	rkr
37927	Sinomonas atrocyanea	satk
37928	Arthrobacter crystallopoietes	acry
379731	Pseudomonas stutzeri A1501	psa
38026	Methanolobus vulcani	38026
380394	Acidithiobacillus ferrooxidans ATCC 53993	afe
380703	Aeromonas hydrophila subsp. hydrophila ATCC 7966	aha
380749	Hydrogenobaculum sp. Y04AAS1	hya
381	Mesorhizobium loti	mln
381046	Lachancea thermotolerans	lth
3818	Arachis hypogaea	ahf
382	Sinorhizobium meliloti	sme
3821	Cajanus cajan	ccaj
382245	Aeromonas salmonicida subsp. salmonicida A449	asa
382640	Bartonella tribocorum CIP 105476	btr
3827	Cicer arietinum	cam
38300	Streptomyces pristinaespiralis	spri
38301	Corynebacterium minutissimum	cmin
38313	Shewanella algae	salg
38323	Bartonella henselae	bhe
383407	Xanthomonas oryzae pv. oryzicola BLS256	xor
3847	Glycine max	gmx
385025	Cycloclasticus sp. P1	cyq
38626	Phascolarctos cinereus	pcw
38654	Alligator sinensis	asn
387092	Nitratiruptor sp. SB155-2	nis
387093	Sulfurovum sp. NBC37-1	sun
3871	Lupinus angustifolius	lang
38727	Panicum virgatum	pvir
387344	Lactobacillus brevis ATCC 367	lbr
387662	Candidatus Carsonella ruddii PV	crp
3880	Medicago truncatula	mtr
38833	Micromonas pusilla	mpp
3885	Phaseolus vulgaris	pvu
3888	Pisum sativum	psat
389348	Candidatus Protochlamydia naegleriophila	pnl
390235	Pseudomonas putida W619	ppw
390874	Thermotoga petrophila RKU-1	tpt
390989	Actinocatenispora sera	aser
391008	Stenotrophomonas maltophilia R551-3	smt
391036	Ehrlichia sp. HF	ehh
391165	Granulibacter bethesdensis CGDNIH1	gbe
391180	Enhydra lutris kenyoni	elk
391295	Streptococcus suis 05ZYH33	ssu
3914	Vigna angularis	var
391619	Phaeobacter inhibens DSM 17395	pga
391896	Rickettsia bellii OSU 85-389	rbo
391953	Aquincola tertiaricarbonis	ater
393283	Pestalotiopsis fici	pfy
393305	Yersinia enterocolitica subsp. enterocolitica 8081	yen
393921	Porphyromonas crevioricanis	pcre
394	Sinorhizobium fredii NGR234	rhi
39416	Tuber melanosporum	tml
39432	Saimiri boliviensis boliviensis	sbq
39488	Anaerobutyricum hallii	ehl
39490	Eubacterium ramulus	39490
394935	Chromobacterium haemolyticum	chae
394958	Clostridium taeniosporum	ctae
395019	Burkholderia multivorans ATCC 17616	bmj
395492	Rhizobium leguminosarum bv. trifolii WSM2304	rlt
395961	Cyanothece sp. PCC 7425	cyn
396	Rhizobium phaseoli	rpha
396595	Thioalkalivibrio sp. K90mix	tkm
39691	Mycolicibacterium moriokaense	mmor
39777	Veillonella atypica	vat
39778	Veillonella dispar	vdn
39791	Corynebacterium glucuronolyticum	cglu
3983	Manihot esculenta	mesc
398694	Mycobacterium shinjukuense	mshj
3988	Ricinus communis	rcu
399497	Tessaracoccus flavescens	tfa
39950	Dialister pneumosintes	dpn
399549	Metallosphaera sedula DSM 5348	mse
399739	Pseudomonas mendocina ymp	pmy
399742	Enterobacter sp. 638	ent
400092	Pontibacter korlensis	pko
40041	Streptococcus equi subsp. zooepidemicus	sez
4006	Linum usitatissimum	4006
400667	Acinetobacter baumannii ATCC 17978	acb
400668	Marinomonas sp. MWYL1	mmw
400682	Amphimedon queenslandica	aqu
400727	Pomacea canaliculata	pcan
40127	Neurospora tetrasperma	nte
401472	Corynebacterium ureicelerivorans	cuv
401473	Bifidobacterium dentium Bd1	bde
40215	Acinetobacter junii	ajn
40216	Acinetobacter radioresistens	arj
402384	Halobacillus mangrovi	hmn
402612	Flavobacterium psychrophilum JIP02/86	fps
402626	Ralstonia pickettii 12J	rpi
402880	Methanococcus maripaludis C5	mmq
40318	Streptomyces nodosus	snq
40373	Acinetobacter sp. CIP-A165	40373
403957	Virgibacillus sp. SK37	vir
404589	Anaeromyxobacter sp. Fw109-5	afw
40480	Mycoplasma capricolum subsp. capripneumoniae	mcac
40492	Stereum hirsutum	shs
404941	Mycobacteroides salmoniphilum	msal
405566	Lactobacillus helveticus DPC 4571	lhe
40559	Botrytis cinerea	bfu
406020	Thiomicrospira microaerophila	tmh
406552	Natrinema sp. J7-2	nat
406817	Xenorhabdus nematophila ATCC 19061	xne
406818	Xenorhabdus bovienii SS-2004	xbo
406984	Chlamydia pneumoniae LPCoLN	clp
407020	Sphingobium sp. MI1205	spmi
407035	Salinicoccus halodurans	shv
4072	Capsicum annuum	cann
40754	Thioploca ingrica	tig
408015	Streptomyces xiamenensis	sxi
4081	Solanum lycopersicum	sly
4096	Nicotiana sylvestris	nsy
4097	Nicotiana tabacum	nta
4098	Nicotiana tomentosiformis	nto
410072	Coprococcus comes	ccom
4113	Solanum tuberosum	sot
411483	Faecalibacterium prausnitzii A2-165	fpra
412690	Microterricola viridarii	mvd
41447	Seriola dumerili	sdu
414778	Planococcus donghaensis	pdg
414996	Actinopolyspora erythraea	aey
4155	Erythranthe guttata	egt
416169	Rhodanobacter thiooxydans	rth
416870	Lactococcus lactis subsp. cremoris MG1363	llm
4182	Sesamum indicum	sind
41875	Bathycoccus prasinos	bpg
419947	Mycobacterium tuberculosis H37Ra	mra
420890	Lactococcus garvieae Lg2	lgv
420953	Paraburkholderia megapolitana	pmeg
42100	Phocoena sinus	psiu
42156	Litomosoides sigmodontis	wel
42157	Onchocerca ochengi	woo
42229	Prunus avium	pavi
42253	Nitrospira moscoviensis	nmv
42254	Sorex araneus	sara
42256	Rubrobacter radiotolerans	rrd
4232	Helianthus annuus	han
42345	Phoenix dactylifera	pda
4236	Lactuca sativa	lsv
42374	Candida dubliniensis	cdu
426114	Thiomonas arsenitoxydans	thi
426117	Methylobacterium sp. 4-46	met
426368	Methanococcus maripaludis C7	mmz
428406	Ralstonia pickettii 12D	rpf
430522	Pedobacter steynii	psty
431241	Trichoderma reesei QM6a	tre
43146	Rhopalosiphum maidis	rmd
431943	Clostridium kluyveri DSM 555	ckl
431947	Porphyromonas gingivalis ATCC 33277	pgn
432096	Kazachstania africana	kaf
43263	Pseudomonas alcaligenes	palc
43335	Populus alba	palz
43348	Mycobacterium branderi	mbrd
435	Acetobacter aceti	aace
435897	Lysobacter capsici	lcp
436114	Sulfurihydrogenibium sp. YO3AOP1	sul
436515	Variovorax boronicumulans	vbo
43657	Pseudoalteromonas luteoviolacea	plz
43658	Pseudoalteromonas rubra	prr
43662	Pseudoalteromonas piscicida	ppis
43700	Monopterus albus	malb
43759	Streptomyces wedmorensis	43759
43767	Rhodococcus hoagii	req
43769	Corynebacterium propinquum	cprp
43770	Corynebacterium striatum	cstr
437897	Megamonas funiformis	mfun
437900	Pseudomonas marincola	pmao
439375	Ochrobactrum anthropi ATCC 49188	oan
44008	Enterococcus cecorum	ecec
44056	Aureococcus anophagefferens	aaf
441209	Rhodobaca barguzinensis	rbg
441894	Struthio camelus australis	scam
44251	Paenibacillus durus	pdu
442563	Bifidobacterium animalis subsp. lactis AD011	bla
443143	Geobacter sp. M18	geb
443144	Geobacter sp. M21	gem
4432	Nelumbo nucifera	nnu
44394	Zonotrichia albicollis	zab
444103	Streptomyces sp. CNQ-509	strc
444158	Methanococcus maripaludis C6	mmx
444444	Chelatococcus daeguensis	cdq
444597	Mycolicibacterium insubricum	mij
445576	Pseudonocardia sp. AL041005-10	psea
445709	Pandoraea thiooxydans	ptx
445710	Dyella thiooxydans	dtx
44574	Nitrosomonas communis	nco
44577	Nitrosomonas ureae	nur
446860	Kocuria flava	kfv
44689	Dictyostelium discoideum	ddi
44742	Desulfovibrio fairfieldensis	dfi
448385	Sorangium cellulosum So ce56	scl
449	Legionella hackeliae	lha
450378	Croceicoccus marinus	cman
45056	Legionella adelaidensis	ladl
45065	Legionella geestiana	lgt
45067	Legionella lansingensis	llg
451	Tatlockia micdadei	tmc
4513	Hordeum vulgare	4513
45130	Bipolaris sorokiniana	bsc
45157	Cyanidioschyzon merolae	cme
452	Legionella spiritensis	lss
45243	Capnocytophaga haemolytica	chg
45285	Eremothecium cymbalariae	erc
4530	Oryza sativa	osa
4533	Oryza brachyantha	obr
453304	Agromyces aureus	agy
45351	Nematostella vectensis	nve
454	Legionella israelensis	lib
454171	Chthonomonas calidirosea	ccz
455432	Nocardia terpenica	ntp
4555	Setaria italica	sita
4556	Setaria viridis	svs
4558	Sorghum bicolor	sbi
456	Legionella jordanis	ljr
45610	Psychrobacter urativorans	pur
45634	Streptococcus cristatus	soi
4565	Triticum aestivum	taes
45658	Vibrio scophthalmi	vsc
4572	Triticum urartu	tua
457405	Fusobacterium nucleatum subsp. animalis 7_1	fne
4577	Zea mays	zma
45851	Butyrivibrio crossotus	bcro
45972	Staphylococcus pasteuri	spas
459858	Mycobacterium noviomagense	mnv
46234	Anabaena sp. 90	anb
46256	Weissella hellenica	whe
463014	Bordetella flabilis	bfz
463025	Bordetella bronchialis	bbro
463040	Bordetella genomosp. 13	bgm
464	Fluoribacter gormanii	464
4641	Musa acuminata	mus
46429	Sphingobium chlorophenolicum	sch
46503	Parabacteroides merdae	pmer
46506	Bacteroides stercoris	bste
465541	Streptomyces sp. Mg1	strm
465721	Steroidobacter denitrificans	sdf
46680	Pseudomonas nitroreducens	46680
46681	Entamoeba dispar	edi
46731	Pocillopora damicornis	pdam
4686	Asparagus officinalis	aof
469008	Escherichia coli BL21(DE3)	ebl
469604	Fusobacterium nucleatum subsp. vincentii 3_1_36A2	fnc
470	Acinetobacter baumannii	acb
470934	Pantoea vagans	pva
471	Acinetobacter calcoaceticus	Acinetobacter
471223	Geobacillus sp. WCH70	gwc
471514	Alicyclobacillus ferrooxydans	afx
47312	Tsukamurella pulmonis	tpul
47427	Armillaria gallica	47427
47466	Borrelia miyamotoi	bmo
475375	Francisella sp. MA067296	frm
476	Moraxella bovis	mboi
47678	Bacteroides caccae	bcac
47715	Lactobacillus rhamnosus	lra
47716	Streptomyces olivaceus	47716
47763	Streptomyces lydicus	sld
477641	Modestobacter marinus	mmar
477680	Filimonas lacunae	fln
47770	Lactobacillus crispatus	lcr
478	Moraxella nonliquefaciens	mnn
47853	Micromonospora carbonacea	mcab
4787	Phytophthora infestans	pif
47879	Pseudomonas corrugata	pcg
47884	Pseudomonas taetrolens	ptae
47885	Pseudomonas oryzihabitans	por
47917	Serratia fonticola	sfw
47969	Oreochromis aureus	oau
48	Archangium gephyra	age
48003	Mycoplasma pullorum	mpul
480418	Mycobacterium lepromatosis	mlm
481146	Acetobacter ascendens	aasc
481743	Paenibacillus sp. Y412MC10	gym
481805	Escherichia coli ATCC 8739	ecl
483545	Thermobifida halotolerans	thao
483547	Geoalkalibacter subterraneus	gsb
483937	Paenibacillus riograndensis	pri
484	Neisseria flavescens	nfv
484022	Francisella philomiragia subsp. philomiragia ATCC 25017	fph
484429	Sphingobium sp. YBL2	syb
484770	Pelosinus sp. UFO1	puf
486	Neisseria lactamica	nla
48664	Xanthomonas fragariae	xfr
48698	Poecilia formosa	pfor
48699	Poecilia latipinna	plai
48701	Poecilia mexicana	pmei
487316	Acinetobacter soli	asol
487521	Mycobacterium intracellulare ATCC 13950	mia
487909	Xanthomonas translucens pv. undulosa	xtn
48883	Geospiza fortis	gfr
4896	Schizosaccharomyces pombe	spo
489910	Nosocomiicoccus ampullae	namp
490	Neisseria sicca	nsc
4909	Pichia kudriavzevii	pkz
491916	Rhizobium etli CIAT 652	rec
4924	Scheffersomyces stipitis	pic
4929	Meyerozyma guilliermondii	pgu
493	Neisseria canis	nci
4932	Saccharomyces cerevisiae	sce
49390	Coffea canephora	49390
49451	Nicotiana attenuata	nau
4950	Torulaspora delbrueckii	tdl
4952	Yarrowia lipolytica	yli
4956	Zygosaccharomyces rouxii	zro
4959	Debaryomyces hansenii	dha
499555	Dietzia timorensis	dtm
5007	Brettanomyces bruxellensis	bbrx
5017	Bipolaris zeicola	bze
5022	Leptosphaeria maculans	Leptosphaeria
502558	Eggerthella sp. YY7918	eyy
502779	Paracoccidioides lutzii Pb01	pbl
504	Kingella kingae	kki
50402	Charadrius vociferus	cvf
50429	Stylophora pistillata	spis
504474	Corynebacterium urealyticum DSM 7109	cur
504728	Meiothermus ruber DSM 1279	mrb
5057	Aspergillus clavatus	act
5059	Aspergillus flavus	afv
5061	Aspergillus niger	ang
5062	Aspergillus oryzae	aor
507626	Halomonas chromatireducens	hco
5078	Penicillium griseofulvum	5078
51031	Necator americanus	nai
511	Alcaligenes faecalis	afa
511062	Oceanimonas sp. GK1	oce
5111	Claviceps purpurea	5111
51240	Juglans regia	jre
5127	Fusarium fujikuroi	Fusarium
512763	Rufibacter tibetensis	rti
51338	Castor canadensis	ccan
5141	Neurospora crassa	ncr
5145	Podospora anserina	pan
51453	Trichoderma reesei	tre
5147	Sordaria macrospora	smp
516051	Muricauda lutaonensis	mlt
51663	Pediococcus damnosus	pdm
5180	Sclerotinia sclerotiorum	ssl
518766	Rhodothermus marinus DSM 4252	rmr
519472	Vagococcus teuberi	vte
52	Chondromyces crocatus	ccro
5207	Cryptococcus neoformans	Cryptococcus
521098	Alicyclobacillus acidocaldarius subsp. acidocaldarius DSM 446	aac
5217	Tremella mesenterica	tms
522373	Stenotrophomonas maltophilia K279a	sml
523844	Methanosarcina thermophila TM-1	mthr
52644	Haliaeetus leucocephalus	hle
52670	Austrofundulus limnaeus	alim
52694	Acetobacterium wieringae	awi
5270	Ustilago maydis	uma
52773	Schaalia meyeri	amy
528191	Paenibacillus xylanexedens	pxl
528244	Azospirillum thiophilum	ati
529507	Proteus mirabilis HI4320	pmr
5297	Puccinia graminis	pgr
530584	Prauserella marina	pmad
531844	Flavobacteriaceae bacterium 3519-10	fba
5334	Schizophyllum commune	scm
53345	Enterococcus durans	edu
53346	Enterococcus mundtii	emu
53406	Pseudomonas anguilliseptica	53406
53408	Pseudomonas citronellolis	pcq
5341	Agaricus bisporus	abp
5346	Coprinopsis cinerea	cci
53485	Pyrenophora teres	pte
53501	Thalassobius gelatinovorus	tgl
535712	Candidatus Rhodoluna planktonica	rpla
537971	Helicobacter cinaedi CCUG 18818	hcb
538381	Stappia indica	siw
539	Eikenella corrodens	ecor
53952	Thermococcus peptonophilus	tpep
54005	Peptoniphilus harei	phar
540747	Roseovarius indicus	rid
54262	Thermococcus chitonophagus	tch
54291	Raoultella ornithinolytica	ror
543639	Dermacentor silvarum	dsv
543728	Variovorax paradoxus S110	vap
544580	Actinomyces oris	aos
547144	Hydrogenobaculum sp. HO	hho
5476	Candida albicans	cal
5478	Candida glabrata	cgr
548	Klebsiella aerogenes	eae
5480	Candida parapsilosis	5480
5482	Candida tropicalis	ctp
549	Pantoea agglomerans	Pantoea
54911	Brevibacillus choshinensis	bchs
5501	Coccidioides immitis	cim
5507	Fusarium oxysporum	Fusarium
551115	'Nostoc azollae' 0708	naz
5514	Fusarium sporotrichioides	5514
5518	Fusarium graminearum	fgr
55188	Citrus unshiu	55188
551996	Mucilaginibacter gossypii	mgos
552467	Cryptococcus gattii	Cryptococcus
552531	Bifidobacterium animalis subsp. lactis BB-12	bbb
553239	Vibrio breoganii	vbr
553510	Streptomyces gilvosporeus	sgv
553611	Photobacterium leiognathi	553611
5539	Scytalidium lignicola	5539
554065	Chlorella variabilis	cvr
55513	Pistacia vera	pvy
555217	Zymomonas mobilis subsp. mobilis ATCC 10988	zmm
55529	Guillardia theta	gtt
55601	Vibrio anguillarum	van
556325	Neomicrococcus aestuarii	nae
55661	Cuculus canorus	cuca
557436	Lactobacillus reuteri DSM 20016	lre
557599	Mycobacterium kansasii ATCC 12478	mkn
557723	Glaesserella parasuis SH0165	hap
55802	Thermococcus barophilus	tba
558152	Chryseobacterium piperi	cpip
55952	Streptomyces toyocaensis	55952
5599	Alternaria alternata	Alternaria
560555	Mycobacterium mantenii	mman
561061	Sphingobacterium psychroaquaticum	spsc
561184	Mameliella alba	malu
561230	Pectobacterium carotovorum subsp. carotovorum PC1	pct
5627	Grifola frondosa	5627
56458	Xanthomonas sacchari	xsa
56459	Xanthomonas vasicola	xva
56460	Xanthomonas vesicatoria	xve
565033	Geoglobus acetivorans	gac
565034	Brachyspira hyodysenteriae WA1	bhy
5660	Leishmania braziliensis	Leishmania
5664	Leishmania major	lma
56689	Mycolicibacterium mucogenicum	mmuc
5671	Leishmania infantum	lif
56716	Cottoperca gobio	cgob
56730	Rhizobium gallicum	rga
5679	Leishmania panamensis	lpan
568076	Metarhizium robertsii	maj
568706	Bordetella pertussis 18323	bper
569	Hafnia alvei	hav
5691	Trypanosoma brucei	tbr
5693	Trypanosoma cruzi	tcr
56956	Thermus brockianus	tbc
570417	Wolbachia endosymbiont of Culex quinquefasciatus Pel	wpi
571	Klebsiella oxytoca	kok
571913	Luteipulveratus mongoliensis	lmoi
571915	Corynebacterium mustelae	cmv
5722	Trichomonas vaginalis	tva
573	Klebsiella pneumoniae	kpn
573501	Leeuwenhoekiella palythoae	lpal
573570	Francisella uliginis	frx
573658	Candidatus Hodgkinia cicadicola	hci
5759	Entamoeba histolytica	ehi
5762	Naegleria gruberi	ngr
576611	Polynucleobacter asymbioticus	pnu
57704	Tsukamurella tyrosinosolvens	tsm
5786	Dictyostelium purpureum	dpp
579138	Zymomonas mobilis subsp. pomaceae ATCC 29192	zmp
57918	Fragaria vesca	fve
580327	Thermoanaerobacterium thermosaccharolyticum DSM 571	ttm
58049	Colwellia sp. MT41	com
5811	Toxoplasma gondii	tgo
582	Morganella morganii	mmk
5821	Plasmodium berghei	pbe
582419	Thermococcus paralvinellae	ths
5825	Plasmodium chabaudi	pcb
5827	Plasmodium cynomolgi	pcy
582702	Rhodanobacter glycinis	rgl
582899	Hyphomicrobium denitrificans ATCC 51888	hdn
5833	Plasmodium falciparum	pfa
58346	Streptomyces platensis	spla
584	Proteus mirabilis	pmr
585	Proteus vulgaris	pvg
5850	Plasmodium knowlesi	pkn
585423	Synechococcus sp. KORDI-49	synr
585425	Synechococcus sp. KORDI-52	synd
5855	Plasmodium vivax	pvx
5860	Plasmodium vinckei	pvv
586416	Terribacillus aidingensis	taid
5865	Babesia bovis	bbo
5866	Babesia bigemina	bbig
587	Providencia rettgeri	prg
5874	Theileria annulata	tan
5875	Theileria parva	tpv
587753	Pseudomonas chlororaphis	pch
588	Providencia stuartii	psi
588726	Kazachstania naganishii	kng
5888	Paramecium tetraurelia	ptm
588898	Haloterrigena daqingensis	hda
588932	Brevundimonas naejangsanensis	bne
589873	Alteromonas australica	aal
5911	Tetrahymena thermophila	tet
591936	Piliocolobus tephrosceles	pteh
592316	Pantoea sp. At-9b	pao
59463	Myotis lucifugus	mlf
594679	Allofrancisella guangzhouensis	fgu
59479	Rhinolophus ferrumequinum	rfq
59505	Actinotignum schaalii	asg
595537	Variovorax paradoxus EPS	vpe
596153	Alicycliphilus denitrificans BC	adn
596154	Alicycliphilus denitrificans K601	adk
59689	Arabidopsis lyrata	aly
59729	Taeniopygia guttata	tgu
597362	Agaricus bisporus var. burnettii JB137-S8	abp
59748	Candidatus Phytoplasma australiense	pal
59814	Pantoea dispersa	pdis
59894	Ficedula albicollis	fab
59895	Cynara cardunculus var. scolymus	ccav
60137	Sulfitobacter pontiacus	spot
60711	Chlorocebus sabaeus	csab
6087	Hydra vulgaris	hmg
610380	Harpegnathos saltator	hst
61221	Varanus komodoensis	vko
614	Serratia liquefaciens	slq
61621	Rhinopithecus bieti	rbb
61622	Rhinopithecus roxellana	rro
61646	Lelliottia amnigena	laz
61647	Pluralibacter gergoviae	pge
61648	Kluyvera intermedia	kie
61652	Serratia rubidaea	srz
616991	Arenibacter algicola	aalg
6183	Schistosoma mansoni	smm
6185	Schistosoma haematobium	shx
61853	Nomascus leucogenys	nle
6192	Fasciola hepatica	6192
6198	Opisthorchis viverrini	ovi
6210	Echinococcus granulosus	Echinococcus
6238	Caenorhabditis briggsae	cbr
6239	Caenorhabditis elegans	cel
6253	Ascaris suum	6253
626418	Burkholderia glumae BGR1	bgl
626937	Christensenella minuta	cmiu
627192	Sphingobium sp. SYK-6	ssy
6279	Brugia malayi	bmy
6280	Brugia pahangi	web
631	Yersinia intermedia	yin
63186	Zobellia galactanivorans	zga
632772	Rhodococcus opacus B4	rop
633	Yersinia pseudotuberculosis	yps
6334	Trichinella spiralis	tsp
633807	Vagococcus penaei	vpi
634113	Candidatus Arsenophonus lipoptenae	asy
634176	Aggregatibacter aphrophilus NJ8700	aap
634452	Acetobacter pasteurianus IFO 3283-01	apt
634497	Haloarcula hispanica ATCC 33960	hhi
634499	Erwinia pyrifoliae Ep1/96	epy
63459	Chenopodium quinoa	cqi
636	Edwardsiella tarda	etr
637389	Acidithiobacillus caldus ATCC 51756	acz
640510	Burkholderia sp. CCGE1001	bug
640512	Burkholderia sp. CCGE1003	bgf
64091	Halobacterium salinarum NRC-1	hal
6412	Helobdella robusta	hro
64176	Podarcis muralis	pmua
643674	Paenalcaligenes hominis	phn
644281	Methanocaldococcus sp. FS406-22	mfs
64471	Synechococcus sp. CC9311	syg
646	Aeromonas sobria	646
648794	Aeromonas rivuli	ariv
649756	Anaerostipes hadrus	bprl
649831	Actinoplanes sp. N902-109	actn
650	Aeromonas jandaei	ajd
65058	Corynebacterium ulcerans	cul
65093	Halothece sp. PCC 7418	hao
651561	Chryseobacterium arthrosphaerae	carh
652	Aeromonas schubertii	asr
652103	Rhodopseudomonas palustris DX-1	rpx
6526	Biomphalaria glabrata	bgt
654	Aeromonas veronii	avr
655015	Methylocystis bryophila	mbry
656178	Pandoraea vervacti	pve
656179	Pandoraea faecigallinarum	pfg
656366	Arthrobacter alpinus	aaq
656519	Halanaerobium hydrogeniformans	has
65700	Erwinia tracheiphila	etp
6573	Mizuhopecten yessoensis	myi
657322	Faecalibacterium prausnitzii SL3/3	fpa
657323	Ruminococcus sp. SR1/5	rum
66084	Wolbachia sp. wRi	wri
66269	Pantoea stewartii	pstw
663	Vibrio alginolyticus	vag
66420	Papilio xuthus	pxu
665029	Erwinia amylovora CFBP1430	eam
665571	Spirochaeta thermophila DSM 6192	sta
666685	Rhodanobacter denitrificans	rhd
666686	Bacillus sp. 1NLA3E	baci
6669	Daphnia pulex	dpx
6689	Penaeus vannamei	pvm
669	Vibrio harveyi	vhr
669041	Tenacibaculum dicentrarchi	tdi
669502	Candidatus Profftella armatura	ssdc
66969	Legionella waltersii	lwa
670	Vibrio parahaemolyticus	vpa
670052	Cryobacterium arcticum	cart
670307	Hyphomicrobium denitrificans 1NES1	hdt
671143	Candidatus Methylomirabilis oxyfera	mox
672	Vibrio vulnificus	vvu
67267	Streptomyces alboflavus	salf
67281	Streptomyces californicus	scal
673	Grimontia hollisae	gho
67304	Streptomyces griseorubiginosus	sge
673860	Aciduliprofundum sp. MAR08-339	acf
673862	Candidatus Babela massiliensis	dpb
674	Vibrio mimicus	vmi
674703	Rhodoplanes sp. Z2-YC6860	rhz
67593	Phytophthora sojae	psoj
676	Vibrio fluvialis	vfl
67780	Edwardsiella ictaluri	eic
679318	Rhodococcus sp. WMMA185	rhw
679936	Sulfobacillus acidophilus DSM 10332	sap
681645	Corynebacterium pseudotuberculosis C231	cpq
68214	Streptomyces griseochromogenes	sgs
68249	Streptomyces pactum	spac
684658	Aphidius gifuensis	agif
68570	Streptomyces albulus	salu
686578	Pseudomonas sp. S9	686578
686597	Martelella sp. AD-3	maad
68886	Theileria orientalis	tot
68895	Cupriavidus basilensis	cbw
689	Vibrio mediterranei	vsh
69	Lysobacter enzymogenes	lez
691	Vibrio natriegens	vna
69293	Gasterosteus aculeatus	gat
69319	Microplitis demolitor	mdl
69328	Pseudomonas sp. VLB120	psv
69395	Caulobacter henricii	chq
6941	Rhipicephalus microplus	rmp
6945	Ixodes scapularis	isc
694569	Aggregatibacter actinomycetemcomitans D7S-1	aan
6956	Dermatophagoides pteronyssinus	dpte
696748	Actinobacillus suis H91-0380	asi
6973	Blattella germanica	bbl
698737	Staphylococcus lugdunensis HKU09-01	slg
69896	Candidatus Phytoplasma solani	psol
698964	Corynebacterium diphtheriae PW8	cdw
701042	Mycobacterium marseillense	mmal
701347	Enterobacter lignolyticus SCF1	esc
702113	Novosphingobium sp. PP1Y	npp
702114	Methylomonas koyamae	mko
702459	Bifidobacterium bifidum PRL2010	bbp
7029	Acyrthosiphon pisum	api
703	Plesiomonas shigelloides	pshi
70346	Acinetobacter variabilis	avb
7038	Bemisia tabaci	btab
70448	Ostreococcus tauri	ota
706191	Pantoea ananatis LMG 20103	pam
7070	Tribolium castaneum	tca
708126	Jeotgalibaca dankookensis	jda
7091	Bombyx mori	bmor
710243	Colletotrichum fioriniae	cfj
71139	Eucalyptus grandis	egr
712122	Actinomyces sp. oral taxon 414	acq
712357	Leptotrichia sp. oral taxon 212	leo
712411	Olsenella sp. oral taxon 807	olo
712898	Pantoea vagans C9-1	pva
713030	Selenomonas sp. oral taxon 136	selo
713604	Amycolatopsis mediterranei S699	amn
714	Aggregatibacter actinomycetemcomitans	aat
71421	Haemophilus influenzae Rd KW20	hin
71452	Enterococcus raffinosus	eraf
7159	Aedes aegypti	aag
7160	Aedes albopictus	aalb
7165	Anopheles gambiae	aga
716541	Enterobacter cloacae subsp. cloacae ATCC 13047	enc
716816	Oceanicoccus sagamiensis	osg
7173	Anopheles arabiensis	aara
7176	Culex quinquefasciatus	cqu
717785	Hyphomicrobium sp. MC1	hmc
718252	Faecalibacterium prausnitzii L2-6	fpr
71999	Kocuria palustris	kpl
72004	Bos mutus	bom
72036	Lepeophtheirus salmonis	lsm
7209	Loa loa	loa
7213	Ceratitis capitata	ccat
7217	Drosophila ananassae	dan
7220	Drosophila erecta	der
7222	Drosophila grimshawi	dgr
722438	Mycoplasma pneumoniae FH	mpj
7227	Drosophila melanogaster	dme
7230	Drosophila mojavensis	dmo
7232	Drosophila navojoa	dnv
7234	Drosophila persimilis	dpe
72359	Trachipleistophora hominis	72359
7237	Drosophila pseudoobscura	dpo
7238	Drosophila sechellia	dse
7240	Drosophila simulans	dsi
7244	Drosophila virilis	dvi
7245	Drosophila yakuba	dya
7260	Drosophila willistoni	dwi
72664	Eutrema salsugineum	eus
72758	Staphylococcus capitis subsp. capitis	scap
728	Avibacterium paragallinarum	apag
73010	Aeromonas encheleia	ael
73044	Streptomyces seoulensis	sseo
732	Aggregatibacter aphrophilus	aap
735	Haemophilus parahaemolyticus	hpaa
73501	Cordyceps militaris	cmt
7370	Musca domestica	mde
7375	Lucilia cuprina	lcq
739	Aggregatibacter segnis	aseg
7425	Nasonia vitripennis	nvi
743721	Pseudoxanthomonas suwonensis 11-1	psu
743722	Sphingobacterium sp. 21	shg
743965	Mycoplasma putrefaciens KS1	mpf
74426	Collinsella aerofaciens	caer
745277	Rahnella aquatilis CIP 78.65 = ATCC 33071	raq
745310	Sphingomonas sp. MM-1	sphm
74533	Panthera tigris altaica	ptg
7460	Apis mellifera	ame
746128	Aspergillus fumigatus	afm
74649	Rosa chinensis	rcn
747	Pasteurella multocida	pmu
748247	Azoarcus sp. KH32C	aza
748280	Pseudogulbenkiania sp. NH8B	pse
7493	Trichogramma pretiosum	tpre
74940	Oncorhynchus tshawytscha	otw
74969	Ferroplasma acidiphilum	fai
749927	Amycolatopsis mediterranei U32	amd
75105	Paraburkholderia caribensis	bcai
751944	Halobacterium sp. DL1	hdl
75293	Streptomyces autolyticus	sauo
75366	Sinocyclocheilus grahami	sgh
7539	Leptinotarsa decemlineata	ldc
754252	Propionibacterium freudenreichii subsp. shermanii CIRM-BIA1	pfr
754409	Winogradskyella sp. PG-2	win
754476	Methylophaga nitratireducenticrescens	mej
754477	Methylophaga frappieri	mec
755731	Clostridium sp. BNL1100	clb
75658	Campylobacter lanienae	clx
756892	Acinetobacter indicus	aid
7574	Lingula anatina	lak
757424	Herbaspirillum seropedicae SmR1	hse
758802	Mycolicibacterium litorale	mll
758803	Nocardiopsis flavescens	nfe
75906	Thermocrinis ruber	trd
759362	Ketogulonicigenium vulgare WSH-001	kvl
759620	Weissella ceti	wce
759811	Lysinibacillus pakistanensis	lpak
75985	Mannheimia haemolytica	mht
759913	Streptococcus dysgalactiae subsp. equisimilis AC-2713	sdc
759914	Brachyspira pilosicoli 95/1000	bpo
76123	Prevotella enoeca	peo
76193	Papilio machaon	pmac
762376	Achromobacter xylosoxidans A8	axy
765869	Bdellovibrio bacteriovorus W	bbw
7668	Strongylocentrotus purpuratus	spu
76731	Roseateles depolymerans	rdp
76759	Pseudomonas monteilii	pmon
76832	Myroides odoratimimus	mod
76859	Fusobacterium nucleatum subsp. animalis	fus
76869	Pseudomonas putida GB-1	ppg
76936	Helicobacter typhlonius	hty
77095	Prevotella bryantii	pby
77166	Dendroctonus ponderosae	dpa
7719	Ciona intestinalis	cin
7739	Branchiostoma floridae	bfo
77635	Bifidobacterium subtile	bsue
779	Ehrlichia ruminantium	eru
7868	Callorhinchus milii	cmk
7897	Latimeria chalumnae	lcm
7918	Lepisosteus oculatus	loc
794846	Sinorhizobium sp. CCBAU 05631	sino
794903	Opitutaceae bacterium TAV5	obt
7955	Danio rerio	dre
795665	Hydrogenophaga sp. PBC	hyb
7957	Carassius auratus	caua
79604	Denitrobacterium detoxificans	ddt
7962	Cyprinus carpio	ccar
79782	Cimex lectularius	clec
798128	Thermus thermophilus JL-18	ttl
7994	Astyanax mexicanus	amex
7998	Ictalurus punctatus	ipu
8005	Electrophorus electricus	eee
8010	Esox lucius	els
8022	Oncorhynchus mykiss	omy
8030	Salmo salar	sasa
8032	Salmo trutta	stru
80637	Coniophora puteana	cput
807	Bartonella elizabethae	bez
8081	Poecilia reticulata	pret
8083	Xiphophorus maculatus	xma
80852	Aliivibrio wodanis	awd
80854	Moritella viscosa	mvs
80884	Colletotrichum higginsianum	chig
8090	Oryzias latipes	ola
80972	Amphiprion ocellaris	aoce
8128	Oreochromis niloticus	onl
813	Chlamydia trachomatis	ctr
81408	Parageobacillus caldoxylosilyticus	pcal
81479	Rhodoferax antarcticus	rac
8167	Perca flavescens	pflv
81824	Monosiga brevicollis	mbr
8187	Lates calcarifer	lcf
81985	Capsella rubella	crb
820	Bacteroides uniformis	bun
82367	Paracoccus pantotrophus	ppan
82380	Microbacterium oxydans	moy
824	Campylobacter gracilis	cgra
82508	Trichosporon asahii	tasa
82633	Cupriavidus pauculus	cpau
82654	Pseudanabaena sp. PCC 7367	pseu
827	Campylobacter ureolyticus	cure
82985	Pragia fontium	pfq
82996	Serratia plymuthica	srr
83219	Sulfitobacter mediterraneus	smed
83262	Mycobacteroides immunogenum	miz
83263	Aminobacter aminovorans	aak
83332	Mycobacterium tuberculosis H37Rv	mtu
83344	Pseudocercospora fijiensis	pfj
8355	Xenopus laevis	xla
83559	Chlamydia suis	csui
83560	Chlamydia muridarum	cmu
8364	Xenopus tropicalis	xtr
83655	Leclercia adecarboxylata	lax
83656	Streptomyces tsukubensis	stsu
83683	Lactobacillus amylolyticus	lamy
838561	Spiroplasma mirum ATCC 29335	smir
84022	Clostridium aceticum	cace
84135	Gemella sanguinis	gsa
84292	Microbacterium chocolatum	mcw
84531	Lysobacter antibioticus	lab
8469	Chelonia mydas	cmy
847	Oxalobacter formigenes	ofo
84751	Pseudozyma flocculosa	pfp
8479	Chrysemys picta	cpic
8496	Alligator mississippiensis	amj
8502	Crocodylus porosus	cpoo
85066	Corvus brachyrhynchos	cbrc
85581	Photobacterium damselae subsp. damselae	pds
85643	Thauera sp. MZ1T	tmz
856793	Micavibrio aeruginosavorus ARL-13	mai
85681	Citrus clementina	cic
85692	Triticum dicoccoides	tdc
85701	Bartonella tribocorum	btr
859	Fusobacterium necrophorum	fnf
859194	Mycoplasma haemofelis Ohio2	mhf
85962	Helicobacter pylori 26695	hpy
85963	Helicobacter pylori J99	hpj
859657	Ralstonia solanacearum PSI07	rsl
85968	Mycolicibacterium brumae	mbrm
85982	Serpula lacrymans	sla
860235	Kibdelosporangium phytohabitans	kphy
86029	Bacillus subtilis subsp. natto	bso
86102	Idiomarina abyssalis	iab
862751	Streptomyces sp. SirexAA-E	ssx
862967	Streptococcus intermedius B196	sib
862969	Streptococcus constellatus subsp. pharyngis C1050	scg
862970	Streptococcus anginosus C1051	sang
862971	Streptococcus anginosus C238	sanc
86416	Clostridium pasteurianum BC1	cpas
866775	Aerococcus urinae ACS-120-V-Col10a	aur
866790	Methanothermobacter sp. CaT2	metc
867900	Cellulophaga lytica DSM 7489	cly
867902	Ornithobacterium rhinotracheale DSM 15997	orh
868131	Methanobacterium paludis	mew
869211	Spirochaeta thermophila DSM 6578	stq
87541	Aerococcus christensenii	acg
876364	Cupriavidus sp. USMAA2-4	cuu
877455	Methanobacterium lacus	mel
8790	Dromaius novaehollandiae	dne
879274	Shinella sp. HZN7	shz
88036	Selaginella moellendorffii	smo
880447	Mycoplasma leachii PG50	mlc
880591	Ketogulonicigenium vulgare Y25	kvu
881621	Listeria ivanovii subsp. ivanovii PAM 55	liv
8839	Anas platyrhynchos	apla
88431	Dorea longicatena	dlo
8845	Anser cygnoides	acyg
886882	Paenibacillus polymyxa SC2	ppm
888845	Minicystis rosea	mrm
889453	Alkalitalea saponilacus	asx
89059	Lactobacillus acidipiscis	laca
89093	Ignavigranum ruoffiae	iru
891974	Plautia stali symbiont	psts
8932	Columba livia	clv
89462	Bubalus bubalis	bbub
897	Desulfococcus multivorans	dml
8996	Numida meleagris	nmel
901	Desulfovibrio piger	dpg
90245	Oligella urethralis	our
9031	Gallus gallus	gga
903503	Candidatus Moranella endobia PCIT	men
90371	Salmonella enterica subsp. enterica serovar Typhimurium	stm
904291	Microbacterium sediminis	msed
9054	Phasianus colchicus	pcoc
906689	Dendrobium catenatum	dct
90675	Camelina sativa	csat
907239	Helicobacter pylori SouthAfrica7	hes
907287	Mycoplasma hyopneumoniae 168	mhn
9103	Meleagris gallopavo	mgp
911045	Pseudovibrio sp. FO-BEG1	psf
9135	Serinus canaria	scan
914150	Kangiella geojedonensis	kge
9157	Parus major	pmaj
91604	Candidatus Paracaedibacter acanthamoebae	paca
9233	Aptenodytes forsteri	afor
9238	Pygoscelis adeliae	padl
9258	Ornithorhynchus anatinus	oaa
92637	Metarhizium acridum	maw
92645	Herbaspirillum frisingense	hfr
92647	Paraburkholderia tropica	ptro
927083	Sandaracinus amylolyticus	samy
92947	Ketogulonicigenium robustum	kro
929506	Clostridium botulinum BKT015925	cbn
930	Acidithiobacillus thiooxidans	atx
930166	Pseudomonas brassicacearum	pba
9305	Sarcophilus harrisii	shr
93064	Sphingomonas koreensis	skr
930805	Halioglobus japonicus	hja
930945	Sulfolobus islandicus REY15A	sir
93218	Pandoraea apista	papi
93219	Pandoraea norimbergensis	pnr
93220	Pandoraea pnomenusa	ppk
93221	Pandoraea pulmonicola	ppul
93222	Pandoraea sputorum	pspu
932677	Pantoea ananatis AJ13355	paj
93378	Edwardsiella hoshinae	eho
9361	Dasypus novemcinctus	dnm
937773	Staphylococcus pseudintermedius HKU10-03	ssd
937774	Taylorella equigenitalis MCE9	teq
93934	Coturnix japonica	cjo
93973	Shewanella japonica	sja
940190	Melissococcus plutonius ATCC 35311	mps
9402	Pteropus alecto	pale
94122	Shewanella sp. ANA-3	shn
943347	Dehalogenimonas sp. WBC-2	dew
943830	Tardiphaga robiniae	trb
943945	Mycoplasma fermentans M64	mfm
944547	Arcobacter sp. L	arc
945021	Tetragenococcus halophilus NBRC 12172	thl
945712	Corynebacterium ulcerans BR-AD22	cul
94624	Bordetella petrii	bpt
946333	Rhizobacter gummiphilus	rgu
946362	Salpingoeca rosetta	sre
94827	Tinamus guttatus	tgt
9483	Callithrix jacchus	cjc
94869	Clostridium gasigenes	cgas
9531	Cercocebus atys	caty
9541	Macaca fascicularis	mcf
9544	Macaca mulatta	mcc
95486	Burkholderia cenocepacia	bch
955	Wolbachia pipientis	wpp
9555	Papio anubis	panu
9565	Theropithecus gelada	tge
9593	Gorilla gorilla	ggo
9595	Gorilla gorilla gorilla	ggo
9597	Pan paniscus	pps
9598	Pan troglodytes	ptr
9601	Pongo abelii	pon
9606	Homo sapiens	hsa
9612	Canis lupus	cfa
9615	Canis lupus familiaris	cfa
9627	Vulpes vulpes	vvp
9643	Ursus americanus	uar
9646	Ailuropoda melanoleuca	aml
9668	Mustela putorius	mpuf
9669	Mustela putorius furo	mpuf
96773	Thauera chlorobenzoica	tcl
9685	Felis catus	fca
9691	Panthera pardus	ppad
9694	Panthera tigris	ptg
9707	Odobenus rosmarus	oro
9708	Odobenus rosmarus divergens	oro
97096	Eutypa lata	ela
971	Selenomonas ruminantium	sri
9733	Orcinus orca	oor
97481	Pasteurella skyensis	psky
9749	Delphinapterus leucas	dle
9755	Physeter catodon	pcad
9767	Balaenoptera acutorostrata	bacu
97700	Quercus lobata	qlo
9778	Trichechus manatus	tmu
9785	Loxodonta africana	lav
9796	Equus caballus	ecb
980251	Mariniblastus fucicola	mff
981085	Morus notabilis	mnt
981384	Ruegeria conchae	rcon
98228	Bacillus sp. OxB-1	baco
9823	Sus scrofa	ssc
983544	Lacinutrix sp. 5H-3-7-4	lan
983545	Glaciecola sp. 4H-3-7+YE-5	gag
983548	Dokdonia sp. 4H-3-7-5	kdi
9838	Camelus dromedarius	cdk
984892	Staphylococcus pseudintermedius ED99	sdt
984962	Heterobasidion irregulare	hir
985002	Staphylococcus argenteus	suh
985762	Staphylococcus agnetis	sagq
990288	Acidithiobacillus caldus SM-1	acu
9913	Bos taurus	bta
992406	Riemerella anatipestifer RA-GD	rar
9925	Capra hircus	chx
9940	Ovis aries	oas
994484	Pseudomonas brassicacearum subsp. brassicacearum NFM421	pba
99598	Calothrix sp. PCC 7507	calo
996801	Polaribacter reichenbachii	prn
9978	Ochotona princeps	opi
998088	Aeromonas veronii B565	avr
9986	Oryctolagus cuniculus	ocu
99883	Tetraodon nigroviridis	tng
999541	Burkholderia gladioli BSR3	bgd
